acousticness,analysis_url,artist_name,artist_popularity,danceability,duration_ms,energy,id,instrumentalness,key,liveness,loudness,mode,speechiness,tempo,time_signature,track_href,track_name,track_popularity,type,uri,valence
0.993,https://api.spotify.com/v1/audio-analysis/4uHxC8VAXjQZz32dOHgfCl,Ricky Ian Gordon,12,0.432,566532,0.181,4uHxC8VAXjQZz32dOHgfCl,0.93,4,0.111,-19.26,0,0.0655,96.964,4,https://api.spotify.com/v1/tracks/4uHxC8VAXjQZz32dOHgfCl,The Caste System - III. Mechanically,0,audio_features,spotify:track:4uHxC8VAXjQZz32dOHgfCl,0.0396
0.866,https://api.spotify.com/v1/audio-analysis/4vZNqHKi852d0Vjm0OQ3V3,Toots Thielemans,48,0.526,270973,0.257,4vZNqHKi852d0Vjm0OQ3V3,0.465,1,0.13,-14.916,1,0.0591,179.521,4,https://api.spotify.com/v1/tracks/4vZNqHKi852d0Vjm0OQ3V3,Strutting With Some Barbecue,6,audio_features,spotify:track:4vZNqHKi852d0Vjm0OQ3V3,0.742
0.00987,https://api.spotify.com/v1/audio-analysis/4qMlNK3z76KBZCEBsoHRnk,Tiffany,59,0.744,224409,0.865,4qMlNK3z76KBZCEBsoHRnk,0.00412,7,0.0234,-6.087,1,0.0645,130.519,4,https://api.spotify.com/v1/tracks/4qMlNK3z76KBZCEBsoHRnk,I Think We're Alone Now,17,audio_features,spotify:track:4qMlNK3z76KBZCEBsoHRnk,0.919
0.629,https://api.spotify.com/v1/audio-analysis/5IhEbPS8pxqL6HmFc59LK9,Charles Bradley,61,0.589,201549,0.56,5IhEbPS8pxqL6HmFc59LK9,0.00273,10,0.157,-6.838,0,0.0261,97.057,3,https://api.spotify.com/v1/tracks/5IhEbPS8pxqL6HmFc59LK9,In You (I Found a Love),34,audio_features,spotify:track:5IhEbPS8pxqL6HmFc59LK9,0.736
0.819,https://api.spotify.com/v1/audio-analysis/7pjIzwfww4fsd95ium9f16,Erich-Storz-Trio,2,0.683,180520,0.373,7pjIzwfww4fsd95ium9f16,0,7,0.142,-11.817,1,0.0321,118.016,4,https://api.spotify.com/v1/tracks/7pjIzwfww4fsd95ium9f16,Rennsteig-Lied,0,audio_features,spotify:track:7pjIzwfww4fsd95ium9f16,0.92
0.00235,https://api.spotify.com/v1/audio-analysis/6ns18ZPBRy4B4n06cplufL,Tiësto,87,0.406,269747,0.94,6ns18ZPBRy4B4n06cplufL,0.572,7,0.297,-3.51,1,0.0863,127.924,4,https://api.spotify.com/v1/tracks/6ns18ZPBRy4B4n06cplufL,We Own the Night (feat. Luciana) [Original Mix],35,audio_features,spotify:track:6ns18ZPBRy4B4n06cplufL,0.211
0.712,https://api.spotify.com/v1/audio-analysis/4TqgHe1684YPJUWoaZAuFm,David Archuleta,60,0.196,299560,0.14,4TqgHe1684YPJUWoaZAuFm,0,8,0.117,-14.75,1,0.037,74.651,3,https://api.spotify.com/v1/tracks/4TqgHe1684YPJUWoaZAuFm,"Be Still, My Soul",38,audio_features,spotify:track:4TqgHe1684YPJUWoaZAuFm,0.182
0.598,https://api.spotify.com/v1/audio-analysis/0Js9hB2I66nJliPIJxzn2R,TNGHT,42,0.711,199343,0.761,0Js9hB2I66nJliPIJxzn2R,0.127,6,0.134,-7.267,1,0.233,160.738,4,https://api.spotify.com/v1/tracks/0Js9hB2I66nJliPIJxzn2R,Higher Ground,53,audio_features,spotify:track:0Js9hB2I66nJliPIJxzn2R,0.526
0.923,https://api.spotify.com/v1/audio-analysis/6LC13LqYftcZEosovA7Uy8,JaY Prov,0,0.668,268762,0.588,6LC13LqYftcZEosovA7Uy8,1.43E-06,8,0.11,-10.487,1,0.267,89.613,4,https://api.spotify.com/v1/tracks/6LC13LqYftcZEosovA7Uy8,Ain't so Bad,0,audio_features,spotify:track:6LC13LqYftcZEosovA7Uy8,0.497
0.995,https://api.spotify.com/v1/audio-analysis/6kHjAKZclipe74BpOnIznl,Women's Chant Schola,0,0.255,117645,0.0246,6kHjAKZclipe74BpOnIznl,0.829,5,0.101,-29.244,0,0.0496,134.351,3,https://api.spotify.com/v1/tracks/6kHjAKZclipe74BpOnIznl,Alleluia: Pascha Nostrum,5,audio_features,spotify:track:6kHjAKZclipe74BpOnIznl,0.13
0.0103,https://api.spotify.com/v1/audio-analysis/1s0ZnU6fU42bmUt5TtJKnv,KENTUCKY SCHREIT,0,0.667,240177,0.829,1s0ZnU6fU42bmUt5TtJKnv,1.76E-05,1,0.0506,-6.037,1,0.032,119.995,4,https://api.spotify.com/v1/tracks/1s0ZnU6fU42bmUt5TtJKnv,Ich küss dich nicht,0,audio_features,spotify:track:1s0ZnU6fU42bmUt5TtJKnv,0.774
0.0241,https://api.spotify.com/v1/audio-analysis/43Gp24Z4QMdTQOehLfih3o,Big K.A.P.O,15,0.804,141714,0.425,43Gp24Z4QMdTQOehLfih3o,0,10,0.233,-11.32,0,0.102,121.988,4,https://api.spotify.com/v1/tracks/43Gp24Z4QMdTQOehLfih3o,Heavy Metal,32,audio_features,spotify:track:43Gp24Z4QMdTQOehLfih3o,0.236
0.0304,https://api.spotify.com/v1/audio-analysis/5VislrSoqOIGkKiF7cYXvW,Young Tender,53,0.439,237465,0.622,5VislrSoqOIGkKiF7cYXvW,0.488,11,0.114,-10.644,0,0.0326,142.018,4,https://api.spotify.com/v1/tracks/5VislrSoqOIGkKiF7cYXvW,Si No Vas a Ser Tú - Los Blenders Remix,20,audio_features,spotify:track:5VislrSoqOIGkKiF7cYXvW,0.188
0.341,https://api.spotify.com/v1/audio-analysis/47yj86hXe7pEEiIjDaXzMD,Palavra Cantada,59,0.906,205293,0.578,47yj86hXe7pEEiIjDaXzMD,4.51E-05,11,0.351,-7.964,0,0.0427,122.968,4,https://api.spotify.com/v1/tracks/47yj86hXe7pEEiIjDaXzMD,Vambora,23,audio_features,spotify:track:47yj86hXe7pEEiIjDaXzMD,0.704
0.346,https://api.spotify.com/v1/audio-analysis/7GF34WD11f3Uhggwy0WPwh,Borneland,33,0.776,369391,0.689,7GF34WD11f3Uhggwy0WPwh,0.518,9,0.0971,-5.084,0,0.0302,115.008,4,https://api.spotify.com/v1/tracks/7GF34WD11f3Uhggwy0WPwh,Night Time,47,audio_features,spotify:track:7GF34WD11f3Uhggwy0WPwh,0.541
0.0761,https://api.spotify.com/v1/audio-analysis/1Tfq41fYK17MnEVK5CWYpz,Regengeräusche Orchester von TraxLab,59,0.151,66318,0.751,1Tfq41fYK17MnEVK5CWYpz,0.786,1,0.651,-26.45,1,0.0836,85.568,3,https://api.spotify.com/v1/tracks/1Tfq41fYK17MnEVK5CWYpz,Gewittergeräusche mit Regen - Teil 32,46,audio_features,spotify:track:1Tfq41fYK17MnEVK5CWYpz,0.0186
0.92,https://api.spotify.com/v1/audio-analysis/7hVsNjrvtfXZlzxW5vxsAi,Pyotr Ilyich Tchaikovsky,72,0.241,227288,0.099,7hVsNjrvtfXZlzxW5vxsAi,0.934,9,0.103,-26.281,1,0.0422,106.902,4,https://api.spotify.com/v1/tracks/7hVsNjrvtfXZlzxW5vxsAi,"Tchaikovsky: The Nutcracker, Op. 71, Act I, Scene 1: No. 1, Decoration of the Christmas Tree",47,audio_features,spotify:track:7hVsNjrvtfXZlzxW5vxsAi,0.0986
0.971,https://api.spotify.com/v1/audio-analysis/6OuZGlzX3XTQmyJtzpS0Z4,Kerstin Andeby,40,0.515,82573,0.0929,6OuZGlzX3XTQmyJtzpS0Z4,0,7,0.106,-10.378,1,0.038,80.276,4,https://api.spotify.com/v1/tracks/6OuZGlzX3XTQmyJtzpS0Z4,Så mörk är natten i midvintertid,3,audio_features,spotify:track:6OuZGlzX3XTQmyJtzpS0Z4,0.638
0.269,https://api.spotify.com/v1/audio-analysis/3saVgweidPGsCBmUW1yZWa,Insane Clown Posse,68,0.939,270640,0.937,3saVgweidPGsCBmUW1yZWa,0,10,0.152,-2.791,0,0.21,107.995,4,https://api.spotify.com/v1/tracks/3saVgweidPGsCBmUW1yZWa,Imma Kill U,50,audio_features,spotify:track:3saVgweidPGsCBmUW1yZWa,0.756
0.672,https://api.spotify.com/v1/audio-analysis/1l9kRIdzxnnYPcc3yzhRm8,Jules Verne,50,0.711,182391,0.38,1l9kRIdzxnnYPcc3yzhRm8,0,10,0.413,-15.258,0,0.943,128.333,5,https://api.spotify.com/v1/tracks/1l9kRIdzxnnYPcc3yzhRm8,"Teil 45 - Das Vermächtnis der Eissphinx - Jules Vernes Kapitän Nemo - Neue Abenteuer, Folge 2",5,audio_features,spotify:track:1l9kRIdzxnnYPcc3yzhRm8,0.608
0.158,https://api.spotify.com/v1/audio-analysis/48OjVDCQSEfYtFLVpEGWyC,Sing n Play,46,0.775,121373,0.838,48OjVDCQSEfYtFLVpEGWyC,0,7,0.0507,-5.8,1,0.0593,156.112,4,https://api.spotify.com/v1/tracks/48OjVDCQSEfYtFLVpEGWyC,John Jacob Jingleheimer-Schmidt,48,audio_features,spotify:track:48OjVDCQSEfYtFLVpEGWyC,0.969
0.178,https://api.spotify.com/v1/audio-analysis/6FwJj7uwhZ1vrBlDZvMLZk,Migos,82,0.743,184276,0.731,6FwJj7uwhZ1vrBlDZvMLZk,0,2,0.0876,-3.417,1,0.379,177.924,4,https://api.spotify.com/v1/tracks/6FwJj7uwhZ1vrBlDZvMLZk,"Is You Ready - From ""Mile 22""",56,audio_features,spotify:track:6FwJj7uwhZ1vrBlDZvMLZk,0.243
0.281,https://api.spotify.com/v1/audio-analysis/1iFxfrXBSttpgXbfxfMWlR,Grupo Viento Y Sol,34,0.447,178400,0.582,1iFxfrXBSttpgXbfxfMWlR,0,4,0.117,-8.59,0,0.0385,141.761,4,https://api.spotify.com/v1/tracks/1iFxfrXBSttpgXbfxfMWlR,Alma De Basura,29,audio_features,spotify:track:1iFxfrXBSttpgXbfxfMWlR,0.551
0.0408,https://api.spotify.com/v1/audio-analysis/6CgGOeJvfm2zUyk4b5ga4r,Brantley Gilbert,70,0.477,180840,0.852,6CgGOeJvfm2zUyk4b5ga4r,3.40E-06,6,0.292,-5.103,0,0.0529,166.213,4,https://api.spotify.com/v1/tracks/6CgGOeJvfm2zUyk4b5ga4r,The Weekend,12,audio_features,spotify:track:6CgGOeJvfm2zUyk4b5ga4r,0.646
0.0296,https://api.spotify.com/v1/audio-analysis/4CyMzD8DiE5o6yV1fYGjna,MUNA,65,0.782,219747,0.541,4CyMzD8DiE5o6yV1fYGjna,0.000594,8,0.273,-5.391,1,0.0465,104.016,4,https://api.spotify.com/v1/tracks/4CyMzD8DiE5o6yV1fYGjna,Hands Off,45,audio_features,spotify:track:4CyMzD8DiE5o6yV1fYGjna,0.852
0.00451,https://api.spotify.com/v1/audio-analysis/4WyPLAyUXRfy4WNbIDFkd1,Seezyn,65,0.635,177903,0.838,4WyPLAyUXRfy4WNbIDFkd1,0,1,0.163,-4.08,0,0.0439,76.009,4,https://api.spotify.com/v1/tracks/4WyPLAyUXRfy4WNbIDFkd1,Drop Dead,20,audio_features,spotify:track:4WyPLAyUXRfy4WNbIDFkd1,0.274
0.00105,https://api.spotify.com/v1/audio-analysis/7r6hOTSR173A3TKtzuf1RW,Johannes Albert,34,0.816,338460,0.44,7r6hOTSR173A3TKtzuf1RW,0.929,10,0.0898,-11.911,0,0.103,120.998,4,https://api.spotify.com/v1/tracks/7r6hOTSR173A3TKtzuf1RW,Responsible for Nothing,0,audio_features,spotify:track:7r6hOTSR173A3TKtzuf1RW,0.59
0.0405,https://api.spotify.com/v1/audio-analysis/3CGWZ3tjCwhrtNbNjGgwgH,GAWNE,62,0.498,157188,0.782,3CGWZ3tjCwhrtNbNjGgwgH,1.59E-05,8,0.103,-5.139,1,0.199,89.256,4,https://api.spotify.com/v1/tracks/3CGWZ3tjCwhrtNbNjGgwgH,Better Days,52,audio_features,spotify:track:3CGWZ3tjCwhrtNbNjGgwgH,0.332
0.0234,https://api.spotify.com/v1/audio-analysis/4Jv7lweGIUOFQ7Oq2AtAh9,Lykke Li,73,0.786,280070,0.696,4Jv7lweGIUOFQ7Oq2AtAh9,0.0019,9,0.0839,-5.796,0,0.0428,121.974,4,https://api.spotify.com/v1/tracks/4Jv7lweGIUOFQ7Oq2AtAh9,I Follow Rivers - The Magician Remix,76,audio_features,spotify:track:4Jv7lweGIUOFQ7Oq2AtAh9,0.306
0.965,https://api.spotify.com/v1/audio-analysis/6G1DSHGCE4v9rMChJ1A0aL,David Nichtern,15,0.324,379773,0.0462,6G1DSHGCE4v9rMChJ1A0aL,0.91,2,0.103,-20.088,1,0.0351,68.452,3,https://api.spotify.com/v1/tracks/6G1DSHGCE4v9rMChJ1A0aL,Simplicity,22,audio_features,spotify:track:6G1DSHGCE4v9rMChJ1A0aL,0.0352
0.033,https://api.spotify.com/v1/audio-analysis/1u4Pvk7eUW7qTi6WmJjdgH,ZZ Ward,51,0.681,199933,0.869,1u4Pvk7eUW7qTi6WmJjdgH,6.15E-05,11,0.0913,-4.939,0,0.113,139.941,4,https://api.spotify.com/v1/tracks/1u4Pvk7eUW7qTi6WmJjdgH,Blue Eyes Blind - Live from Fairfax Recordings,15,audio_features,spotify:track:1u4Pvk7eUW7qTi6WmJjdgH,0.478
0.208,https://api.spotify.com/v1/audio-analysis/416XBAqBQECEjtMS8dlPQM,NLE Choppa,81,0.891,199220,0.636,416XBAqBQECEjtMS8dlPQM,0,10,0.126,-7.72,0,0.251,91.502,4,https://api.spotify.com/v1/tracks/416XBAqBQECEjtMS8dlPQM,Drop Shit,64,audio_features,spotify:track:416XBAqBQECEjtMS8dlPQM,0.43
0.0365,https://api.spotify.com/v1/audio-analysis/43btz2xjMKpcmjkuRsvxyg,John Mellencamp,69,0.811,254493,0.41,43btz2xjMKpcmjkuRsvxyg,6.63E-06,9,0.0799,-8.214,1,0.0391,103.965,4,https://api.spotify.com/v1/tracks/43btz2xjMKpcmjkuRsvxyg,Jack & Diane,78,audio_features,spotify:track:43btz2xjMKpcmjkuRsvxyg,0.626
0.000829,https://api.spotify.com/v1/audio-analysis/3dJCbcLcqMKJVZ9Vd390K3,Albert Hammond Jr,53,0.419,218000,0.866,3dJCbcLcqMKJVZ9Vd390K3,0.0003,9,0.104,-3.944,1,0.0463,162.061,4,https://api.spotify.com/v1/tracks/3dJCbcLcqMKJVZ9Vd390K3,Far Away Truths,51,audio_features,spotify:track:3dJCbcLcqMKJVZ9Vd390K3,0.764
0.0265,https://api.spotify.com/v1/audio-analysis/7HoEqdpTmFoEKwPVn9hDWR,Horror House,0,0.742,295302,0.813,7HoEqdpTmFoEKwPVn9hDWR,0.907,1,0.124,-12.11,1,0.0529,130.001,4,https://api.spotify.com/v1/tracks/7HoEqdpTmFoEKwPVn9hDWR,Little Fish In A Big House,0,audio_features,spotify:track:7HoEqdpTmFoEKwPVn9hDWR,0.204
0.0588,https://api.spotify.com/v1/audio-analysis/0BBEM9eMuCUNAnSZRJwyz2,Lbandy Music,35,0.786,177711,0.328,0BBEM9eMuCUNAnSZRJwyz2,0.886,7,0.265,-10.703,0,0.0405,100.116,4,https://api.spotify.com/v1/tracks/0BBEM9eMuCUNAnSZRJwyz2,Rhymes of a Bandit,28,audio_features,spotify:track:0BBEM9eMuCUNAnSZRJwyz2,0.963
0.009,https://api.spotify.com/v1/audio-analysis/1iv7HkH7b86yfOgQTYwSEX,Los Luzeros De Rioverde,28,0.793,127944,0.568,1iv7HkH7b86yfOgQTYwSEX,0.0121,0,0.509,-7.345,1,0.0344,107.406,4,https://api.spotify.com/v1/tracks/1iv7HkH7b86yfOgQTYwSEX,Margarita,21,audio_features,spotify:track:1iv7HkH7b86yfOgQTYwSEX,0.741
0.58,https://api.spotify.com/v1/audio-analysis/6Di3qYrm7y6dLZ6CFVbgqN,Area,30,0.257,411053,0.842,6Di3qYrm7y6dLZ6CFVbgqN,0.231,0,0.593,-7.131,0,0.143,78.377,4,https://api.spotify.com/v1/tracks/6Di3qYrm7y6dLZ6CFVbgqN,"Luglio, agosto, settembre (nero) - Live 1976 in Lisbona",1,audio_features,spotify:track:6Di3qYrm7y6dLZ6CFVbgqN,0.5
0.783,https://api.spotify.com/v1/audio-analysis/47mouGTKibhdzYVM2IykqK,Passenger,75,0.373,221467,0.209,47mouGTKibhdzYVM2IykqK,7.83E-06,3,0.121,-12.261,1,0.0345,122.91,4,https://api.spotify.com/v1/tracks/47mouGTKibhdzYVM2IykqK,Let Me Dream a While,36,audio_features,spotify:track:47mouGTKibhdzYVM2IykqK,0.309
0.00625,https://api.spotify.com/v1/audio-analysis/2fpgDViPyJprOsKQ6HdDI3,James Warren,8,0.634,3532068,0.727,2fpgDViPyJprOsKQ6HdDI3,0.81,1,0.171,-8.755,1,0.0401,122.261,4,https://api.spotify.com/v1/tracks/2fpgDViPyJprOsKQ6HdDI3,Visceral 067 - Part 2,0,audio_features,spotify:track:2fpgDViPyJprOsKQ6HdDI3,0.205
0.0109,https://api.spotify.com/v1/audio-analysis/1wDj7bP5REErz61x2M3AQs,Too $hort,69,0.882,305867,0.344,1wDj7bP5REErz61x2M3AQs,1.08E-05,7,0.108,-13.904,1,0.267,77.022,4,https://api.spotify.com/v1/tracks/1wDj7bP5REErz61x2M3AQs,Only the Strong Survive,18,audio_features,spotify:track:1wDj7bP5REErz61x2M3AQs,0.72
0.761,https://api.spotify.com/v1/audio-analysis/5auJ9rk371ZEEiQ2DXncHa,Django Reinhardt Trio,31,0.781,182160,0.478,5auJ9rk371ZEEiQ2DXncHa,0.9,5,0.0525,-9.903,1,0.0596,105.847,4,https://api.spotify.com/v1/tracks/5auJ9rk371ZEEiQ2DXncHa,Hot Lips,17,audio_features,spotify:track:5auJ9rk371ZEEiQ2DXncHa,0.766
0.631,https://api.spotify.com/v1/audio-analysis/4MmBr48975X3QybHlztzoI,The Chantels,41,0.371,137627,0.342,4MmBr48975X3QybHlztzoI,0.0505,7,0.285,-9.137,1,0.0267,69.674,4,https://api.spotify.com/v1/tracks/4MmBr48975X3QybHlztzoI,I Love You So,38,audio_features,spotify:track:4MmBr48975X3QybHlztzoI,0.504
0.00485,https://api.spotify.com/v1/audio-analysis/5oqNQrHnv03J89bbG6y6bW,2Pac,84,0.86,208360,0.576,5oqNQrHnv03J89bbG6y6bW,0.0184,8,0.172,-3.878,0,0.0569,89.762,4,https://api.spotify.com/v1/tracks/5oqNQrHnv03J89bbG6y6bW,Who Do You Love?,46,audio_features,spotify:track:5oqNQrHnv03J89bbG6y6bW,0.489
0.456,https://api.spotify.com/v1/audio-analysis/7CtViMh5EgoE8krmPPuOhi,The Head And The Heart,68,0.476,241707,0.783,7CtViMh5EgoE8krmPPuOhi,0.723,4,0.13,-8.001,1,0.0355,111.082,4,https://api.spotify.com/v1/tracks/7CtViMh5EgoE8krmPPuOhi,Shake,56,audio_features,spotify:track:7CtViMh5EgoE8krmPPuOhi,0.415
0.000428,https://api.spotify.com/v1/audio-analysis/5U84vBvWfmZZuT2uqupmmB,Mark Ronson,79,0.754,196107,0.921,5U84vBvWfmZZuT2uqupmmB,3.89E-05,7,0.669,-5.293,1,0.1,124.973,4,https://api.spotify.com/v1/tracks/5U84vBvWfmZZuT2uqupmmB,Uptown Funk (feat. Bruno Mars) - Wideboys VIP Remix,40,audio_features,spotify:track:5U84vBvWfmZZuT2uqupmmB,0.773
0.0329,https://api.spotify.com/v1/audio-analysis/1lycZ6BCUETp0NauGdZbsm,Scott Benson Band,39,0.159,297493,0.377,1lycZ6BCUETp0NauGdZbsm,0.898,7,0.075,-10.195,0,0.0406,66.988,4,https://api.spotify.com/v1/tracks/1lycZ6BCUETp0NauGdZbsm,Requiem for a Dream,56,audio_features,spotify:track:1lycZ6BCUETp0NauGdZbsm,0.0956
0.584,https://api.spotify.com/v1/audio-analysis/7x5e8G8Be483DNS3ri4TNe,Oya,38,0.469,253733,0.516,7x5e8G8Be483DNS3ri4TNe,2.92E-06,10,0.13,-11.303,1,0.0627,108.669,4,https://api.spotify.com/v1/tracks/7x5e8G8Be483DNS3ri4TNe,Sevme Zamanı,53,audio_features,spotify:track:7x5e8G8Be483DNS3ri4TNe,0.33
0.00678,https://api.spotify.com/v1/audio-analysis/6Vj4WhiiNysnyxYdtWMy0G,Rockstar Will,29,0.396,167967,0.333,6Vj4WhiiNysnyxYdtWMy0G,0,1,0.273,-13,0,0.135,81.994,4,https://api.spotify.com/v1/tracks/6Vj4WhiiNysnyxYdtWMy0G,Do You Love Me,29,audio_features,spotify:track:6Vj4WhiiNysnyxYdtWMy0G,0.0836
0.701,https://api.spotify.com/v1/audio-analysis/6Wumg2N8bD7Eibo9Hcj4G5,Norbert Reiff und seine Musikanten,1,0.34,203373,0.461,6Wumg2N8bD7Eibo9Hcj4G5,0.779,10,0.125,-8.548,1,0.0316,185.416,4,https://api.spotify.com/v1/tracks/6Wumg2N8bD7Eibo9Hcj4G5,Ciribiribin,0,audio_features,spotify:track:6Wumg2N8bD7Eibo9Hcj4G5,0.806
0.119,https://api.spotify.com/v1/audio-analysis/78wnWRrd97aaheZBz16K2H,OneRepublic,86,0.48,212347,0.719,78wnWRrd97aaheZBz16K2H,0.000337,9,0.078,-8.216,1,0.0295,150.064,4,https://api.spotify.com/v1/tracks/78wnWRrd97aaheZBz16K2H,"Goodbye, Apathy",37,audio_features,spotify:track:78wnWRrd97aaheZBz16K2H,0.179
0.151,https://api.spotify.com/v1/audio-analysis/0OjGNqjiQg06GcfvyKrYWI,Kinderlach,33,0.716,208024,0.759,0OjGNqjiQg06GcfvyKrYWI,0,11,0.883,-6.741,0,0.0816,62.992,4,https://api.spotify.com/v1/tracks/0OjGNqjiQg06GcfvyKrYWI,Make It Happen,36,audio_features,spotify:track:0OjGNqjiQg06GcfvyKrYWI,0.84
0.0911,https://api.spotify.com/v1/audio-analysis/0G7xOaJtStqoAEyLKNuRA3,88rising,73,0.777,167662,0.533,0G7xOaJtStqoAEyLKNuRA3,0,1,0.0977,-5.395,1,0.0359,101.447,4,https://api.spotify.com/v1/tracks/0G7xOaJtStqoAEyLKNuRA3,The Weekend (with 347aidan) - Remix,57,audio_features,spotify:track:0G7xOaJtStqoAEyLKNuRA3,0.871
0.984,https://api.spotify.com/v1/audio-analysis/3bwqZmKrDksj5QubU5RgeS,Relaxing Acoustic Guitar,36,0.871,211636,0.127,3bwqZmKrDksj5QubU5RgeS,0.933,9,0.101,-19.553,1,0.0936,109.732,4,https://api.spotify.com/v1/tracks/3bwqZmKrDksj5QubU5RgeS,A Break in the Clouds,1,audio_features,spotify:track:3bwqZmKrDksj5QubU5RgeS,0.738
0.976,https://api.spotify.com/v1/audio-analysis/28UKWN4hHCiUzI9J45Nq4B,Hans Albers,36,0.674,209573,0.253,28UKWN4hHCiUzI9J45Nq4B,0.00013,4,0.211,-9.174,1,0.15,99.951,4,https://api.spotify.com/v1/tracks/28UKWN4hHCiUzI9J45Nq4B,In Hamburg an der Elbe (Seemannschoral),0,audio_features,spotify:track:28UKWN4hHCiUzI9J45Nq4B,0.472
0.00121,https://api.spotify.com/v1/audio-analysis/7HuMFxDyscRQNXnBPiS6Wk,Summer Villains,1,0.787,282240,0.583,7HuMFxDyscRQNXnBPiS6Wk,0.893,7,0.112,-8.414,1,0.0325,120.038,4,https://api.spotify.com/v1/tracks/7HuMFxDyscRQNXnBPiS6Wk,Halloween Danger Scene,0,audio_features,spotify:track:7HuMFxDyscRQNXnBPiS6Wk,0.274
0.986,https://api.spotify.com/v1/audio-analysis/0KyJye96EyKoR4Ds2dxDyu,Wolfgang Amadeus Mozart,79,0.292,471693,0.172,0KyJye96EyKoR4Ds2dxDyu,0.919,7,0.173,-15.101,0,0.0332,78.545,4,https://api.spotify.com/v1/tracks/0KyJye96EyKoR4Ds2dxDyu,"Symphony No. 25 in G Minor, K. 183: I. Allegro con brio",3,audio_features,spotify:track:0KyJye96EyKoR4Ds2dxDyu,0.195
0.948,https://api.spotify.com/v1/audio-analysis/63y6Qbkhu6itk8YR8gMVxg,Willows,15,0.475,234800,0.151,63y6Qbkhu6itk8YR8gMVxg,0.000545,3,0.236,-14.257,1,0.0347,123.058,4,https://api.spotify.com/v1/tracks/63y6Qbkhu6itk8YR8gMVxg,Two Wolves,6,audio_features,spotify:track:63y6Qbkhu6itk8YR8gMVxg,0.0411
0.749,https://api.spotify.com/v1/audio-analysis/4kDJ695S6bdOo9O9i2QgZp,Cormac Breatnach,19,0.608,322040,0.385,4kDJ695S6bdOo9O9i2QgZp,0.273,0,0.115,-12.574,1,0.0316,100.045,4,https://api.spotify.com/v1/tracks/4kDJ695S6bdOo9O9i2QgZp,"The Belles of Tipperary / Connie Connell's / Cooley's / Jennie, Tie the Bonnet (Medley)",9,audio_features,spotify:track:4kDJ695S6bdOo9O9i2QgZp,0.65
0.0443,https://api.spotify.com/v1/audio-analysis/6W7W0v0pNVh9I1TupwBgEl,Lasse Stefanz,60,0.592,216333,0.538,6W7W0v0pNVh9I1TupwBgEl,1.37E-05,8,0.174,-9.121,1,0.025,109.553,3,https://api.spotify.com/v1/tracks/6W7W0v0pNVh9I1TupwBgEl,Mama,6,audio_features,spotify:track:6W7W0v0pNVh9I1TupwBgEl,0.614
0.000179,https://api.spotify.com/v1/audio-analysis/6nWV9YM1plq3yQKKWQuG9S,Hyperactive,0,0.617,247385,0.856,6nWV9YM1plq3yQKKWQuG9S,0.235,8,0.192,-5.374,1,0.0363,130.028,4,https://api.spotify.com/v1/tracks/6nWV9YM1plq3yQKKWQuG9S,Megalovania,5,audio_features,spotify:track:6nWV9YM1plq3yQKKWQuG9S,0.328
0.262,https://api.spotify.com/v1/audio-analysis/3lN8PP6R2IxbLP05QpYXng,Steppenwolf,65,0.439,212893,0.734,3lN8PP6R2IxbLP05QpYXng,0.333,2,0.244,-12.168,1,0.097,145.703,4,https://api.spotify.com/v1/tracks/3lN8PP6R2IxbLP05QpYXng,Born To Be Wild - Single Version,71,audio_features,spotify:track:3lN8PP6R2IxbLP05QpYXng,0.54
0.0256,https://api.spotify.com/v1/audio-analysis/5Tf6TmkHvFSsbkB1CLasr9,HipHop200,0,0.487,151747,0.946,5Tf6TmkHvFSsbkB1CLasr9,0,9,0.299,-4.208,0,0.342,80.01,3,https://api.spotify.com/v1/tracks/5Tf6TmkHvFSsbkB1CLasr9,Stress I'm Saloon,0,audio_features,spotify:track:5Tf6TmkHvFSsbkB1CLasr9,0.549
0.042,https://api.spotify.com/v1/audio-analysis/3OZVqx1YsqDDkxQ6TnmHtn,Cole Swindell,70,0.432,191907,0.738,3OZVqx1YsqDDkxQ6TnmHtn,0,2,0.119,-3.91,1,0.0309,153.712,4,https://api.spotify.com/v1/tracks/3OZVqx1YsqDDkxQ6TnmHtn,Ain't Worth the Whiskey,66,audio_features,spotify:track:3OZVqx1YsqDDkxQ6TnmHtn,0.503
0.793,https://api.spotify.com/v1/audio-analysis/3Q1C31o8JoHuojtb5rGK9v,Harry James,57,0.776,194747,0.142,3Q1C31o8JoHuojtb5rGK9v,0.000438,8,0.0971,-13.95,1,0.0336,109.28,4,https://api.spotify.com/v1/tracks/3Q1C31o8JoHuojtb5rGK9v,I'm Beginning to See the Light,20,audio_features,spotify:track:3Q1C31o8JoHuojtb5rGK9v,0.587
0.345,https://api.spotify.com/v1/audio-analysis/4i23kqv1hsrgN5PJYHsbzq,Butterfly Corpse,0,0.49,232600,0.55,4i23kqv1hsrgN5PJYHsbzq,0.605,7,0.0918,-7.195,1,0.0283,124.994,4,https://api.spotify.com/v1/tracks/4i23kqv1hsrgN5PJYHsbzq,Miners,0,audio_features,spotify:track:4i23kqv1hsrgN5PJYHsbzq,0.135
0.993,https://api.spotify.com/v1/audio-analysis/5OiPRqUz5t7pSkaQEoT7lL,Original Dixieland Jazz Band,31,0.493,186867,0.607,5OiPRqUz5t7pSkaQEoT7lL,0.908,3,0.373,-4.455,1,0.0429,124.98,4,https://api.spotify.com/v1/tracks/5OiPRqUz5t7pSkaQEoT7lL,Tiger Rag,0,audio_features,spotify:track:5OiPRqUz5t7pSkaQEoT7lL,0.879
0.167,https://api.spotify.com/v1/audio-analysis/2Oq7pSYimfePwxTvYC4Wl2,Moby,72,0.483,192693,0.459,2Oq7pSYimfePwxTvYC4Wl2,0.655,11,0.0858,-8.314,0,0.0326,91.789,4,https://api.spotify.com/v1/tracks/2Oq7pSYimfePwxTvYC4Wl2,One of These Mornings,44,audio_features,spotify:track:2Oq7pSYimfePwxTvYC4Wl2,0.0523
0.0706,https://api.spotify.com/v1/audio-analysis/6tO5bxNnMuh1c3cziSpecA,$uicideboy$,87,0.849,111020,0.648,6tO5bxNnMuh1c3cziSpecA,0.00636,7,0.0984,-6.188,1,0.0835,106.058,4,https://api.spotify.com/v1/tracks/6tO5bxNnMuh1c3cziSpecA,Paris,80,audio_features,spotify:track:6tO5bxNnMuh1c3cziSpecA,0.195
0.00458,https://api.spotify.com/v1/audio-analysis/3Qntjzw2xY1VDb6x808BPi,Steve Angello,61,0.659,306560,0.619,3Qntjzw2xY1VDb6x808BPi,0.972,0,0.0897,-7.389,1,0.05,128.015,4,https://api.spotify.com/v1/tracks/3Qntjzw2xY1VDb6x808BPi,SLVR,45,audio_features,spotify:track:3Qntjzw2xY1VDb6x808BPi,0.119
0.0296,https://api.spotify.com/v1/audio-analysis/3pFKRQ80Aibo1xKbQLdDvM,Elpresador,3,0.825,204808,0.581,3pFKRQ80Aibo1xKbQLdDvM,0.0314,8,0.106,-6.113,1,0.0945,149.986,4,https://api.spotify.com/v1/tracks/3pFKRQ80Aibo1xKbQLdDvM,No Limits,0,audio_features,spotify:track:3pFKRQ80Aibo1xKbQLdDvM,0.123
0.805,https://api.spotify.com/v1/audio-analysis/0NCjkJTdIHF7ESNLUJQHuV,Daniel O'Donnell,49,0.52,278200,0.323,0NCjkJTdIHF7ESNLUJQHuV,1.65E-05,7,0.165,-10.88,1,0.0272,98.97,3,https://api.spotify.com/v1/tracks/0NCjkJTdIHF7ESNLUJQHuV,The Mountains of Mourne,20,audio_features,spotify:track:0NCjkJTdIHF7ESNLUJQHuV,0.269
0.348,https://api.spotify.com/v1/audio-analysis/6JLP1BQhdXDe9WDje98HOF,Wheatus,63,0.5,265766,0.777,6JLP1BQhdXDe9WDje98HOF,0.0012,4,0.111,-7.452,1,0.0766,94.327,4,https://api.spotify.com/v1/tracks/6JLP1BQhdXDe9WDje98HOF,Teenage Dirtbag (2020),58,audio_features,spotify:track:6JLP1BQhdXDe9WDje98HOF,0.138
0.761,https://api.spotify.com/v1/audio-analysis/72Qo3U5apeuv91j9BEqJBM,Joji,84,0.403,164430,0.234,72Qo3U5apeuv91j9BEqJBM,0.0618,4,0.123,-17.865,1,0.0531,144.226,4,https://api.spotify.com/v1/tracks/72Qo3U5apeuv91j9BEqJBM,I Don't Wanna Waste My Time,69,audio_features,spotify:track:72Qo3U5apeuv91j9BEqJBM,0.13
0.678,https://api.spotify.com/v1/audio-analysis/1vbe9sh7U9vdMceAhitWr2,New Edition,59,0.614,297707,0.369,1vbe9sh7U9vdMceAhitWr2,0.00235,8,0.143,-15.182,1,0.0353,143.319,4,https://api.spotify.com/v1/tracks/1vbe9sh7U9vdMceAhitWr2,Can You Stand The Rain,66,audio_features,spotify:track:1vbe9sh7U9vdMceAhitWr2,0.733
0.0701,https://api.spotify.com/v1/audio-analysis/6VKuwQqIZUlRc4iiU41ihw,Tre Savage,50,0.772,160384,0.525,6VKuwQqIZUlRc4iiU41ihw,0,7,0.137,-10.609,1,0.13,122.005,4,https://api.spotify.com/v1/tracks/6VKuwQqIZUlRc4iiU41ihw,Starstruck,63,audio_features,spotify:track:6VKuwQqIZUlRc4iiU41ihw,0.332
0.256,https://api.spotify.com/v1/audio-analysis/2dXmoC1RdC3TPGWuOptmzB,The Pivot Tones,28,0.403,184342,0.697,2dXmoC1RdC3TPGWuOptmzB,1.26E-06,2,0.0884,-7.105,1,0.0494,75.941,3,https://api.spotify.com/v1/tracks/2dXmoC1RdC3TPGWuOptmzB,Damage Control,45,audio_features,spotify:track:2dXmoC1RdC3TPGWuOptmzB,0.466
0.199,https://api.spotify.com/v1/audio-analysis/2WPFpC4oQxjBpSgsCoQrCf,Bad Gyal,73,0.643,140587,0.785,2WPFpC4oQxjBpSgsCoQrCf,0,2,0.174,-3.95,1,0.201,191.898,4,https://api.spotify.com/v1/tracks/2WPFpC4oQxjBpSgsCoQrCf,Su Payita (Gramos),70,audio_features,spotify:track:2WPFpC4oQxjBpSgsCoQrCf,0.217
0.806,https://api.spotify.com/v1/audio-analysis/4HkdbNwumjDluwz6ub3c8g,Canyoneros,0,0.507,200072,0.562,4HkdbNwumjDluwz6ub3c8g,4.82E-05,7,0.289,-13.071,1,0.0349,139.229,4,https://api.spotify.com/v1/tracks/4HkdbNwumjDluwz6ub3c8g,Transformer,0,audio_features,spotify:track:4HkdbNwumjDluwz6ub3c8g,0.812
0.00116,https://api.spotify.com/v1/audio-analysis/4nIJUmcOt7qmvVWquYzync,WWE,68,0.63,235293,0.96,4nIJUmcOt7qmvVWquYzync,0.569,9,0.34,-7.179,1,0.0422,92.503,4,https://api.spotify.com/v1/tracks/4nIJUmcOt7qmvVWquYzync,Sable,18,audio_features,spotify:track:4nIJUmcOt7qmvVWquYzync,0.599
0.0916,https://api.spotify.com/v1/audio-analysis/5Zq6FFIVN7OCLnMtNomnJm,Alice Sweet Alice,0,0.373,248093,0.496,5Zq6FFIVN7OCLnMtNomnJm,0.000356,2,0.156,-6.159,0,0.0283,80.048,4,https://api.spotify.com/v1/tracks/5Zq6FFIVN7OCLnMtNomnJm,It's My Time,0,audio_features,spotify:track:5Zq6FFIVN7OCLnMtNomnJm,0.111
4.28E-05,https://api.spotify.com/v1/audio-analysis/3fbqRfChbrtlPOg1imoOsN,Post Profit,21,0.305,246336,0.979,3fbqRfChbrtlPOg1imoOsN,0.0221,9,0.0814,-3.846,1,0.0934,147.24,4,https://api.spotify.com/v1/tracks/3fbqRfChbrtlPOg1imoOsN,Smother!,24,audio_features,spotify:track:3fbqRfChbrtlPOg1imoOsN,0.3
0.13,https://api.spotify.com/v1/audio-analysis/4hbzuGPEbIdBcs9UvVd5L3,TV Themes,48,0.569,74640,0.408,4hbzuGPEbIdBcs9UvVd5L3,0.000731,0,0.512,-13.365,1,0.0342,123.667,4,https://api.spotify.com/v1/tracks/4hbzuGPEbIdBcs9UvVd5L3,Dallas - The Main Title Theme,0,audio_features,spotify:track:4hbzuGPEbIdBcs9UvVd5L3,0.826
0.756,https://api.spotify.com/v1/audio-analysis/24mj4ZzdRJOe4RayYUXiwV,Boybershop,0,0.608,87467,0.168,24mj4ZzdRJOe4RayYUXiwV,0,6,0.713,-27.915,1,0.733,56.654,4,https://api.spotify.com/v1/tracks/24mj4ZzdRJOe4RayYUXiwV,Spoken Introduction to 'Jewish Nursery Rhyme',0,audio_features,spotify:track:24mj4ZzdRJOe4RayYUXiwV,0.514
0.851,https://api.spotify.com/v1/audio-analysis/7l1qvxWjxcKpB9PCtBuTbU,Bruno Mars,92,0.589,197470,0.389,7l1qvxWjxcKpB9PCtBuTbU,0,0,0.0772,-5.972,1,0.028,89.1,4,https://api.spotify.com/v1/tracks/7l1qvxWjxcKpB9PCtBuTbU,Count on Me,79,audio_features,spotify:track:7l1qvxWjxcKpB9PCtBuTbU,0.501
0.9,https://api.spotify.com/v1/audio-analysis/1ffXsu4oJVgGNKIvZhuan7,Antonín Dvořák,63,0.215,1129667,0.184,1ffXsu4oJVgGNKIvZhuan7,0.9,5,0.116,-16.317,1,0.0339,101.731,4,https://api.spotify.com/v1/tracks/1ffXsu4oJVgGNKIvZhuan7,"Symphony No. 2 in B-Flat Major, Op. 4: I. Allegro con moto",0,audio_features,spotify:track:1ffXsu4oJVgGNKIvZhuan7,0.061
0.00988,https://api.spotify.com/v1/audio-analysis/2CY9aDyI5NQLSuvU2d2VzX,Plies,68,0.736,212400,0.568,2CY9aDyI5NQLSuvU2d2VzX,0,1,0.0731,-5.973,1,0.135,145.93,4,https://api.spotify.com/v1/tracks/2CY9aDyI5NQLSuvU2d2VzX,All Thee Above (feat. Kevin Gates),62,audio_features,spotify:track:2CY9aDyI5NQLSuvU2d2VzX,0.514
0.00845,https://api.spotify.com/v1/audio-analysis/2xh7Dy2W1KJwmOxp44Y6rx,Pain of Salvation,46,0.51,299400,0.702,2xh7Dy2W1KJwmOxp44Y6rx,0.000496,4,0.486,-5.829,0,0.0289,133.052,4,https://api.spotify.com/v1/tracks/2xh7Dy2W1KJwmOxp44Y6rx,Ending Theme,32,audio_features,spotify:track:2xh7Dy2W1KJwmOxp44Y6rx,0.185
0.024,https://api.spotify.com/v1/audio-analysis/4a2GjzffBEBtaa3u6Im34R,TesseracT,51,0.311,332520,0.744,4a2GjzffBEBtaa3u6Im34R,0.0333,11,0.159,-7.842,0,0.0475,119.982,4,https://api.spotify.com/v1/tracks/4a2GjzffBEBtaa3u6Im34R,Of Matter - Retrospect,41,audio_features,spotify:track:4a2GjzffBEBtaa3u6Im34R,0.138
0.00368,https://api.spotify.com/v1/audio-analysis/4chSRXrdadYm2ujaCyP3Cf,Yves Tumor,61,0.531,185560,0.619,4chSRXrdadYm2ujaCyP3Cf,1.87E-05,1,0.0912,-7.285,1,0.074,149.007,4,https://api.spotify.com/v1/tracks/4chSRXrdadYm2ujaCyP3Cf,Super Stars,57,audio_features,spotify:track:4chSRXrdadYm2ujaCyP3Cf,0.566
0.374,https://api.spotify.com/v1/audio-analysis/2ONysFQ9NHi3XqJAj43kpj,Veronica Leal,51,0.475,218773,0.458,2ONysFQ9NHi3XqJAj43kpj,0,7,0.134,-4.542,1,0.0265,149.665,3,https://api.spotify.com/v1/tracks/2ONysFQ9NHi3XqJAj43kpj,Un Día A La Vez,56,audio_features,spotify:track:2ONysFQ9NHi3XqJAj43kpj,0.49
0.016,https://api.spotify.com/v1/audio-analysis/20Me1e0It0pltyILeD91ti,Nigel Hall,38,0.695,246302,0.88,20Me1e0It0pltyILeD91ti,0.000736,5,0.0984,-8.755,0,0.0796,163.981,4,https://api.spotify.com/v1/tracks/20Me1e0It0pltyILeD91ti,I Can't Stand the Rain,27,audio_features,spotify:track:20Me1e0It0pltyILeD91ti,0.968
0.153,https://api.spotify.com/v1/audio-analysis/0wFigo1psKAy73y1CAHwS2,Beastie Boys,72,0.683,130373,0.75,0wFigo1psKAy73y1CAHwS2,0.291,5,0.676,-14.156,1,0.328,156.935,4,https://api.spotify.com/v1/tracks/0wFigo1psKAy73y1CAHwS2,Honky Rink,28,audio_features,spotify:track:0wFigo1psKAy73y1CAHwS2,0.806
0.456,https://api.spotify.com/v1/audio-analysis/7As30ZPdMkiXQe4VQ3BM04,AGST,44,0.572,221589,0.666,7As30ZPdMkiXQe4VQ3BM04,0.895,7,0.106,-8.871,1,0.0615,105.04,4,https://api.spotify.com/v1/tracks/7As30ZPdMkiXQe4VQ3BM04,Ultimatum,24,audio_features,spotify:track:7As30ZPdMkiXQe4VQ3BM04,0.12
0.988,https://api.spotify.com/v1/audio-analysis/4SAw7raTh1GY09y0irVros,Bedtime for Baby,41,0.504,167240,0.0967,4SAw7raTh1GY09y0irVros,0.861,7,0.0608,-17.66,1,0.0451,122.93,3,https://api.spotify.com/v1/tracks/4SAw7raTh1GY09y0irVros,Cockles and Mussels (Instrumental Version),29,audio_features,spotify:track:4SAw7raTh1GY09y0irVros,0.233
0.757,https://api.spotify.com/v1/audio-analysis/4G1w1FArIJWMdqhoKgE8ei,Jorge Ariza,27,0.525,189467,0.401,4G1w1FArIJWMdqhoKgE8ei,0.0178,10,0.116,-11.194,1,0.038,185.085,3,https://api.spotify.com/v1/tracks/4G1w1FArIJWMdqhoKgE8ei,Josefina - Instrumental,23,audio_features,spotify:track:4G1w1FArIJWMdqhoKgE8ei,0.572
0.182,https://api.spotify.com/v1/audio-analysis/4AZk9awBXJRVaLS7gOsaMO,Dijon,65,0.752,151566,0.823,4AZk9awBXJRVaLS7gOsaMO,0,1,0.213,-6.267,1,0.139,112.888,4,https://api.spotify.com/v1/tracks/4AZk9awBXJRVaLS7gOsaMO,Talk Down,63,audio_features,spotify:track:4AZk9awBXJRVaLS7gOsaMO,0.709
0.00493,https://api.spotify.com/v1/audio-analysis/3VWbukLB1nSDwDgvliujh9,Five Star,40,0.646,404027,0.965,3VWbukLB1nSDwDgvliujh9,0.245,11,0.108,-8.273,0,0.0517,138.959,4,https://api.spotify.com/v1/tracks/3VWbukLB1nSDwDgvliujh9,System Addict - 2008 Remix,4,audio_features,spotify:track:3VWbukLB1nSDwDgvliujh9,0.671
0.534,https://api.spotify.com/v1/audio-analysis/5wzk1JUHlq8nEqa8bulV2z,Joss Stone,64,0.6,282667,0.601,5wzk1JUHlq8nEqa8bulV2z,0.000252,9,0.318,-6.335,1,0.0471,141.958,4,https://api.spotify.com/v1/tracks/5wzk1JUHlq8nEqa8bulV2z,The Love We Had (Stays On My Mind),24,audio_features,spotify:track:5wzk1JUHlq8nEqa8bulV2z,0.2
0.129,https://api.spotify.com/v1/audio-analysis/1jDNeK2ylvrgVJwHFX5Jmr,Duelo,71,0.623,180000,0.638,1jDNeK2ylvrgVJwHFX5Jmr,1.02E-05,9,0.0894,-5.781,1,0.0456,199.521,3,https://api.spotify.com/v1/tracks/1jDNeK2ylvrgVJwHFX5Jmr,La Traición De La Novia,1,audio_features,spotify:track:1jDNeK2ylvrgVJwHFX5Jmr,0.919
0.749,https://api.spotify.com/v1/audio-analysis/4QIrSCeRO1ZMLpqLxuTVcS,Fernand Deroussen,13,0.323,300560,0.565,4QIrSCeRO1ZMLpqLxuTVcS,0.965,3,0.967,-34.805,0,0.114,88.309,5,https://api.spotify.com/v1/tracks/4QIrSCeRO1ZMLpqLxuTVcS,Clarines d'automne,0,audio_features,spotify:track:4QIrSCeRO1ZMLpqLxuTVcS,0.0343
0.543,https://api.spotify.com/v1/audio-analysis/5PryAGAcMtid0d4wDXXxRi,Henry Mancini,60,0.483,153187,0.566,5PryAGAcMtid0d4wDXXxRi,0.427,9,0.132,-10.868,1,0.048,93.178,4,https://api.spotify.com/v1/tracks/5PryAGAcMtid0d4wDXXxRi,"Hub Caps and Tail Lights (De ""Breakfast at Tiffany's"")",0,audio_features,spotify:track:5PryAGAcMtid0d4wDXXxRi,0.496
0.405,https://api.spotify.com/v1/audio-analysis/3pgnngD66fQelB3HDVO7T8,Lonepsi,53,0.604,195031,0.432,3pgnngD66fQelB3HDVO7T8,0.00011,4,0.104,-8.877,0,0.103,159.958,4,https://api.spotify.com/v1/tracks/3pgnngD66fQelB3HDVO7T8,Je ne sais pas danser,52,audio_features,spotify:track:3pgnngD66fQelB3HDVO7T8,0.459
0.45,https://api.spotify.com/v1/audio-analysis/7svv80OeI8fsH30dx5UFCu,Maná,81,0.643,250107,0.809,7svv80OeI8fsH30dx5UFCu,1.22E-06,7,0.154,-3.275,1,0.028,112.677,4,https://api.spotify.com/v1/tracks/7svv80OeI8fsH30dx5UFCu,Rayando El Sol,56,audio_features,spotify:track:7svv80OeI8fsH30dx5UFCu,0.499
0.0486,https://api.spotify.com/v1/audio-analysis/7jPCPDYoiaKeK7cgNGpIzq,BTS,96,0.595,240021,0.89,7jPCPDYoiaKeK7cgNGpIzq,0,10,0.32,-3.109,0,0.245,154.071,4,https://api.spotify.com/v1/tracks/7jPCPDYoiaKeK7cgNGpIzq,Dope,77,audio_features,spotify:track:7jPCPDYoiaKeK7cgNGpIzq,0.62
0.883,https://api.spotify.com/v1/audio-analysis/4x79cjezqX3yd15rSrAVFF,C418,72,0.431,177500,0.0573,4x79cjezqX3yd15rSrAVFF,0.609,7,0.0484,-22.465,1,0.0403,74.97,4,https://api.spotify.com/v1/tracks/4x79cjezqX3yd15rSrAVFF,Living Mice,65,audio_features,spotify:track:4x79cjezqX3yd15rSrAVFF,0.0395
0.912,https://api.spotify.com/v1/audio-analysis/7peopajwinfSuGVmf2jOg3,Giuni Russo,46,0.26,235560,0.384,7peopajwinfSuGVmf2jOg3,0,11,0.114,-5.857,1,0.0323,111.829,3,https://api.spotify.com/v1/tracks/7peopajwinfSuGVmf2jOg3,Malinconia (Ninfa Gentile),6,audio_features,spotify:track:7peopajwinfSuGVmf2jOg3,0.132
0.587,https://api.spotify.com/v1/audio-analysis/2qFIJT5hjqaNFA1GKwl9me,Phillipa Soo,70,0.552,286486,0.371,2qFIJT5hjqaNFA1GKwl9me,0,4,0.18,-9.426,1,0.227,81.548,4,https://api.spotify.com/v1/tracks/2qFIJT5hjqaNFA1GKwl9me,Take a Break,67,audio_features,spotify:track:2qFIJT5hjqaNFA1GKwl9me,0.587
0.497,https://api.spotify.com/v1/audio-analysis/5DismlRtaitSVzuSAOOsnf,Luciano & Alexsander,7,0.396,305320,0.507,5DismlRtaitSVzuSAOOsnf,0,7,0.0408,-8.886,1,0.0315,136.02,4,https://api.spotify.com/v1/tracks/5DismlRtaitSVzuSAOOsnf,Necessidade,2,audio_features,spotify:track:5DismlRtaitSVzuSAOOsnf,0.369
3.05E-05,https://api.spotify.com/v1/audio-analysis/6veRrwAObfdJXFSkADDfDZ,Beds and Beats,36,0.568,178133,0.735,6veRrwAObfdJXFSkADDfDZ,0.713,8,0.434,-6.577,1,0.0258,131.993,4,https://api.spotify.com/v1/tracks/6veRrwAObfdJXFSkADDfDZ,Sweet Like Candy,24,audio_features,spotify:track:6veRrwAObfdJXFSkADDfDZ,0.778
9.02E-06,https://api.spotify.com/v1/audio-analysis/7pURObMWWieCl1sdOBgnrA,Saxon,55,0.43,217320,0.879,7pURObMWWieCl1sdOBgnrA,0.00012,10,0.239,-6.731,0,0.054,127.94,4,https://api.spotify.com/v1/tracks/7pURObMWWieCl1sdOBgnrA,Fire in the Sky,21,audio_features,spotify:track:7pURObMWWieCl1sdOBgnrA,0.682
0.0572,https://api.spotify.com/v1/audio-analysis/6ab9SQ2uPszd0SWTDhvNtc,Super Cat,45,0.738,251373,0.576,6ab9SQ2uPszd0SWTDhvNtc,0.000958,9,0.0605,-10.124,1,0.314,89.882,4,https://api.spotify.com/v1/tracks/6ab9SQ2uPszd0SWTDhvNtc,Scalp Dem - Wu Tang Remix,13,audio_features,spotify:track:6ab9SQ2uPszd0SWTDhvNtc,0.453
0.143,https://api.spotify.com/v1/audio-analysis/7jpTtjs5MXj8AvDtcUwRN7,MARINA,80,0.688,188851,0.837,7jpTtjs5MXj8AvDtcUwRN7,1.85E-05,9,0.0531,-5.86,0,0.0319,124.957,4,https://api.spotify.com/v1/tracks/7jpTtjs5MXj8AvDtcUwRN7,Venus Fly Trap - Sofi Tukker Remix,48,audio_features,spotify:track:7jpTtjs5MXj8AvDtcUwRN7,0.61
0.966,https://api.spotify.com/v1/audio-analysis/42FYXU3J3ETU9lrvpMfrSV,Johann Sebastian Bach,81,0.341,168800,0.137,42FYXU3J3ETU9lrvpMfrSV,0.878,6,0.113,-29.63,0,0.0338,79.389,5,https://api.spotify.com/v1/tracks/42FYXU3J3ETU9lrvpMfrSV,"6 Cello Suites, No. 2 in D Minor, BWV 1008: III. Courante - Arr. for Lute",7,audio_features,spotify:track:42FYXU3J3ETU9lrvpMfrSV,0.616
0.0272,https://api.spotify.com/v1/audio-analysis/5DwlGdpnLHCQtYWW6FLSG1,les iguanes,2,0.357,759928,0.294,5DwlGdpnLHCQtYWW6FLSG1,0.000201,9,0.327,-8.968,1,0.171,85.019,4,https://api.spotify.com/v1/tracks/5DwlGdpnLHCQtYWW6FLSG1,Popeye song,1,audio_features,spotify:track:5DwlGdpnLHCQtYWW6FLSG1,0.23
0.00266,https://api.spotify.com/v1/audio-analysis/2xQNUURQC5tmOjQeyXIOqM,Nadja,22,0.129,1646467,0.286,2xQNUURQC5tmOjQeyXIOqM,0.931,8,0.63,-12.572,1,0.0408,99.338,4,https://api.spotify.com/v1/tracks/2xQNUURQC5tmOjQeyXIOqM,I Have Tasted The Fire Inside Your Mouth,5,audio_features,spotify:track:2xQNUURQC5tmOjQeyXIOqM,0.0343
0.211,https://api.spotify.com/v1/audio-analysis/26J814l8U6LStsCqnKSTHm,Ingrid Michaelson,64,0.543,127627,0.555,26J814l8U6LStsCqnKSTHm,0,10,0.121,-7.115,1,0.0298,134.852,4,https://api.spotify.com/v1/tracks/26J814l8U6LStsCqnKSTHm,Winter Wonderland,32,audio_features,spotify:track:26J814l8U6LStsCqnKSTHm,0.543
0.000819,https://api.spotify.com/v1/audio-analysis/0igdMxJEpYHJWQSyRLGj0D,Luis Masters,21,0.596,233012,0.808,0igdMxJEpYHJWQSyRLGj0D,0.101,7,0.357,-10.713,1,0.0469,139.961,4,https://api.spotify.com/v1/tracks/0igdMxJEpYHJWQSyRLGj0D,Track 17,4,audio_features,spotify:track:0igdMxJEpYHJWQSyRLGj0D,0.459
0.197,https://api.spotify.com/v1/audio-analysis/6AqVzSHuO4b1ruObglxu0E,Michelle Metevier,1,0.615,245806,0.524,6AqVzSHuO4b1ruObglxu0E,1.41E-06,0,0.125,-6.493,1,0.0318,124.061,4,https://api.spotify.com/v1/tracks/6AqVzSHuO4b1ruObglxu0E,A Treasured Memory,0,audio_features,spotify:track:6AqVzSHuO4b1ruObglxu0E,0.386
0.182,https://api.spotify.com/v1/audio-analysis/4n4ykyrVfURQjYjFn5PwfD,Prod By Tommy,0,0.459,215850,0.886,4n4ykyrVfURQjYjFn5PwfD,0,8,0.29,-2.904,1,0.283,161.26,4,https://api.spotify.com/v1/tracks/4n4ykyrVfURQjYjFn5PwfD,Triade,0,audio_features,spotify:track:4n4ykyrVfURQjYjFn5PwfD,0.638
0.736,https://api.spotify.com/v1/audio-analysis/1TDA4UPqYye1Jy4hf3Zawb,Jimmy Durante,48,0.269,180707,0.22,1TDA4UPqYye1Jy4hf3Zawb,0.0018,5,0.189,-13.293,1,0.0411,172.711,3,https://api.spotify.com/v1/tracks/1TDA4UPqYye1Jy4hf3Zawb,"Hi Lili, Hi Lo (From the MGM Film ""Lili"")",28,audio_features,spotify:track:1TDA4UPqYye1Jy4hf3Zawb,0.402
0.747,https://api.spotify.com/v1/audio-analysis/52qqnK0zGVY0cahVGeP3Ao,Rico Kvintetten,9,0.48,192317,0.4,52qqnK0zGVY0cahVGeP3Ao,0.449,7,0.412,-12.244,0,0.0345,120.187,4,https://api.spotify.com/v1/tracks/52qqnK0zGVY0cahVGeP3Ao,Jeg Tror Det bli'r en Kold Vinter,0,audio_features,spotify:track:52qqnK0zGVY0cahVGeP3Ao,0.641
0.888,https://api.spotify.com/v1/audio-analysis/0fwxmtpxpMmEMphmJbCAEx,Shawn Mendes,89,0.341,196254,0.181,0fwxmtpxpMmEMphmJbCAEx,0,2,0.137,-12.073,0,0.0366,83.608,4,https://api.spotify.com/v1/tracks/0fwxmtpxpMmEMphmJbCAEx,The Christmas Song (Shawn Mendes & Camila Cabello),52,audio_features,spotify:track:0fwxmtpxpMmEMphmJbCAEx,0.212
0.767,https://api.spotify.com/v1/audio-analysis/07Ys1nh4GsM25Sq8adhmqh,Christopher Cerrone,13,0.0928,223135,0.261,07Ys1nh4GsM25Sq8adhmqh,0.255,2,0.327,-14.433,1,0.0312,72.933,3,https://api.spotify.com/v1/tracks/07Ys1nh4GsM25Sq8adhmqh,"The Branch Will Not Break: No. 5, Having Lost My Sons, I Confront the Wreckage of the Moon, Christmas 1960",5,audio_features,spotify:track:07Ys1nh4GsM25Sq8adhmqh,0.0709
3.05E-05,https://api.spotify.com/v1/audio-analysis/39DyrSe9TxjzcMILzxGZ9L,Fractal Architect,13,0.804,445806,0.941,39DyrSe9TxjzcMILzxGZ9L,0.915,11,0.0865,-6.773,1,0.0471,121,4,https://api.spotify.com/v1/tracks/39DyrSe9TxjzcMILzxGZ9L,Sonoluminescence - Dowden Rmx,0,audio_features,spotify:track:39DyrSe9TxjzcMILzxGZ9L,0.389
0.838,https://api.spotify.com/v1/audio-analysis/6jWBnGklG1s9aN2RydHuri,U Studni,20,0.617,276011,0.408,6jWBnGklG1s9aN2RydHuri,0.00247,3,0.132,-11.417,1,0.032,154.979,4,https://api.spotify.com/v1/tracks/6jWBnGklG1s9aN2RydHuri,Jeden raz,12,audio_features,spotify:track:6jWBnGklG1s9aN2RydHuri,0.454
0.467,https://api.spotify.com/v1/audio-analysis/4xUaCPePDpWSlgubwqYIm4,A.R. Rahman,81,0.475,359053,0.398,4xUaCPePDpWSlgubwqYIm4,0,9,0.0913,-10.785,1,0.0502,87.518,4,https://api.spotify.com/v1/tracks/4xUaCPePDpWSlgubwqYIm4,"O Rey Chhori (From ""Lagaan"")",13,audio_features,spotify:track:4xUaCPePDpWSlgubwqYIm4,0.347
0.0141,https://api.spotify.com/v1/audio-analysis/5fAzgMAMSmZ2j3kGeTnHrW,Rosanna Rocci,38,0.745,217642,0.843,5fAzgMAMSmZ2j3kGeTnHrW,0,11,0.179,-5.098,0,0.0513,129.979,4,https://api.spotify.com/v1/tracks/5fAzgMAMSmZ2j3kGeTnHrW,Tutto O Niente (Gefährliches Spiel),0,audio_features,spotify:track:5fAzgMAMSmZ2j3kGeTnHrW,0.596
0.636,https://api.spotify.com/v1/audio-analysis/0IH3D0P8OrQFs6ajcqbm0R,ScHoolboy Q,78,0.414,150613,0.544,0IH3D0P8OrQFs6ajcqbm0R,1.71E-05,5,0.0813,-9.455,1,0.102,171.867,4,https://api.spotify.com/v1/tracks/0IH3D0P8OrQFs6ajcqbm0R,Dangerous (feat. Kid Cudi),66,audio_features,spotify:track:0IH3D0P8OrQFs6ajcqbm0R,0.0569
0.807,https://api.spotify.com/v1/audio-analysis/1zpg1hE5mVwfsF5pNUPuCO,Rabbi Yoel Ferber,25,0.712,188160,0.523,1zpg1hE5mVwfsF5pNUPuCO,0,7,0.393,-14.611,1,0.953,79.89,4,https://api.spotify.com/v1/tracks/1zpg1hE5mVwfsF5pNUPuCO,The Letter,12,audio_features,spotify:track:1zpg1hE5mVwfsF5pNUPuCO,0.451
0.0107,https://api.spotify.com/v1/audio-analysis/3OH7EyT8CgvW34AZLn8D79,ELIO,62,0.677,225517,0.652,3OH7EyT8CgvW34AZLn8D79,3.54E-06,1,0.144,-6.744,1,0.0289,115.973,4,https://api.spotify.com/v1/tracks/3OH7EyT8CgvW34AZLn8D79,Jackie Onassis,59,audio_features,spotify:track:3OH7EyT8CgvW34AZLn8D79,0.564
0.853,https://api.spotify.com/v1/audio-analysis/0xZ2l8SyY1TiaGzLImzlRU,Lily Zen,16,0.188,213969,0.187,0xZ2l8SyY1TiaGzLImzlRU,0.943,9,0.167,-24.3,0,0.0425,136.34,4,https://api.spotify.com/v1/tracks/0xZ2l8SyY1TiaGzLImzlRU,Symphonic Landscapes,0,audio_features,spotify:track:0xZ2l8SyY1TiaGzLImzlRU,0.0395
0.54,https://api.spotify.com/v1/audio-analysis/1p61zyWNtBhbbAFzg4HUiq,Noah Schnacky,58,0.504,216993,0.472,1p61zyWNtBhbbAFzg4HUiq,0,9,0.306,-6.925,1,0.0404,73.521,4,https://api.spotify.com/v1/tracks/1p61zyWNtBhbbAFzg4HUiq,Hello Beautiful,63,audio_features,spotify:track:1p61zyWNtBhbbAFzg4HUiq,0.313
0.35,https://api.spotify.com/v1/audio-analysis/6vzHvcSPJYp6ca4g9Bziyw,Richstreak,0,0.797,203572,0.212,6vzHvcSPJYp6ca4g9Bziyw,1.41E-05,7,0.119,-20.617,1,0.0321,109.997,4,https://api.spotify.com/v1/tracks/6vzHvcSPJYp6ca4g9Bziyw,Shaved My Head,0,audio_features,spotify:track:6vzHvcSPJYp6ca4g9Bziyw,0.611
0.796,https://api.spotify.com/v1/audio-analysis/0BVNdffyN675auioqP6Y81,Frank Sinatra,79,0.215,212000,0.138,0BVNdffyN675auioqP6Y81,1.86E-05,7,0.23,-15.983,1,0.0327,103.082,1,https://api.spotify.com/v1/tracks/0BVNdffyN675auioqP6Y81,The Very Thought Of You,35,audio_features,spotify:track:0BVNdffyN675auioqP6Y81,0.172
0.246,https://api.spotify.com/v1/audio-analysis/6379OM1UeWonOckjr8ikLh,Parokya Ni Edgar,68,0.781,207933,0.943,6379OM1UeWonOckjr8ikLh,8.02E-06,7,0.253,-5.738,0,0.101,135.005,4,https://api.spotify.com/v1/tracks/6379OM1UeWonOckjr8ikLh,Bagsakan,60,audio_features,spotify:track:6379OM1UeWonOckjr8ikLh,0.651
0.0319,https://api.spotify.com/v1/audio-analysis/5TQ76Xa5FvrIbwXYNjguW0,Intenable,12,0.429,214053,0.948,5TQ76Xa5FvrIbwXYNjguW0,0,2,0.0656,-4.469,1,0.0983,155.869,4,https://api.spotify.com/v1/tracks/5TQ76Xa5FvrIbwXYNjguW0,À la renverse,7,audio_features,spotify:track:5TQ76Xa5FvrIbwXYNjguW0,0.325
0.273,https://api.spotify.com/v1/audio-analysis/1eeN13lsKa8NTwITHoUPDG,Bear McCreary,64,0.735,103373,0.352,1eeN13lsKa8NTwITHoUPDG,0.878,0,0.2,-14.79,1,0.0357,120.021,4,https://api.spotify.com/v1/tracks/1eeN13lsKa8NTwITHoUPDG,Battlestar Muzaktica,18,audio_features,spotify:track:1eeN13lsKa8NTwITHoUPDG,0.963
1.23E-05,https://api.spotify.com/v1/audio-analysis/3GGPAnwlvCAuzjacOPEjgA,Arc System Works,58,0.516,297467,0.871,3GGPAnwlvCAuzjacOPEjgA,0.908,6,0.0707,-7.447,1,0.0641,132.011,4,https://api.spotify.com/v1/tracks/3GGPAnwlvCAuzjacOPEjgA,Science Fiction,21,audio_features,spotify:track:3GGPAnwlvCAuzjacOPEjgA,0.505
0.859,https://api.spotify.com/v1/audio-analysis/0PZeaIJyBp0dCHbCBn36cB,Mojave,1,0.519,154440,0.501,0PZeaIJyBp0dCHbCBn36cB,0.0916,4,0.243,-5.684,0,0.0259,88.046,4,https://api.spotify.com/v1/tracks/0PZeaIJyBp0dCHbCBn36cB,Escape Plan,0,audio_features,spotify:track:0PZeaIJyBp0dCHbCBn36cB,0.286
0.00284,https://api.spotify.com/v1/audio-analysis/3X3FzrA32EbYvu3n3526w4,Poppy,65,0.531,185279,0.936,3X3FzrA32EbYvu3n3526w4,0.000173,2,0.665,-3.975,0,0.0786,120.057,4,https://api.spotify.com/v1/tracks/3X3FzrA32EbYvu3n3526w4,Play Destroy,58,audio_features,spotify:track:3X3FzrA32EbYvu3n3526w4,0.556
0.272,https://api.spotify.com/v1/audio-analysis/6p9XwaL6TQ15MfZE72bRv4,Live Novo Tempo,32,0.254,269040,0.44,6p9XwaL6TQ15MfZE72bRv4,0,1,0.106,-7.541,1,0.0291,84.066,4,https://api.spotify.com/v1/tracks/6p9XwaL6TQ15MfZE72bRv4,Versos,40,audio_features,spotify:track:6p9XwaL6TQ15MfZE72bRv4,0.21
0.19,https://api.spotify.com/v1/audio-analysis/6ngz4HxOmbF74U7uM56n6h,Bert Silver,9,0.69,210453,0.693,6ngz4HxOmbF74U7uM56n6h,0.00455,1,0.232,-8.527,1,0.0297,122.02,4,https://api.spotify.com/v1/tracks/6ngz4HxOmbF74U7uM56n6h,Du bist nicht die erste Liebe,0,audio_features,spotify:track:6ngz4HxOmbF74U7uM56n6h,0.778
0.201,https://api.spotify.com/v1/audio-analysis/6d2E5HOMKzpfo1tJeyMOYa,Frank Sinatra,79,0.619,141813,0.675,6d2E5HOMKzpfo1tJeyMOYa,0,2,0.899,-6.958,1,0.261,119.849,4,https://api.spotify.com/v1/tracks/6d2E5HOMKzpfo1tJeyMOYa,Get Me To The Church On Time - Live At The Sands Hotel And Casino/1966,31,audio_features,spotify:track:6d2E5HOMKzpfo1tJeyMOYa,0.614
0.908,https://api.spotify.com/v1/audio-analysis/3G3vX0zuu0HqLWwzQtQUBX,Pyotr Ilyich Tchaikovsky,72,0.423,670173,0.26,3G3vX0zuu0HqLWwzQtQUBX,0.413,2,0.215,-15.491,1,0.0446,124.262,4,https://api.spotify.com/v1/tracks/3G3vX0zuu0HqLWwzQtQUBX,"Concerto For Violin And Orchestra In D Major, Op. 35 III. Finale, Allegro Vivacissimo",0,audio_features,spotify:track:3G3vX0zuu0HqLWwzQtQUBX,0.261
0.000439,https://api.spotify.com/v1/audio-analysis/0czIAF4FC5WofBqrpIQXDh,Thriakis Dub Destroyer,12,0.792,209280,0.83,0czIAF4FC5WofBqrpIQXDh,0.87,2,0.0236,-10.334,1,0.0461,124.95,4,https://api.spotify.com/v1/tracks/0czIAF4FC5WofBqrpIQXDh,Massive Recharge,2,audio_features,spotify:track:0czIAF4FC5WofBqrpIQXDh,0.805
0.00302,https://api.spotify.com/v1/audio-analysis/63eV5hreY9feQP2CmYavpj,Katy Perry,88,0.615,193543,0.701,63eV5hreY9feQP2CmYavpj,0,0,0.0471,-4.257,1,0.0472,98.073,4,https://api.spotify.com/v1/tracks/63eV5hreY9feQP2CmYavpj,Electric - Pokemon 25 Version,72,audio_features,spotify:track:63eV5hreY9feQP2CmYavpj,0.251
0.995,https://api.spotify.com/v1/audio-analysis/2Jan1k42YTdATpNgmL7CUV,Johannes Brahms,68,0.198,386067,0.0628,2Jan1k42YTdATpNgmL7CUV,0.935,3,0.112,-24.122,1,0.0449,74.136,4,https://api.spotify.com/v1/tracks/2Jan1k42YTdATpNgmL7CUV,"Clarinet Sonata No. 2 in E-Flat Major, Op. 120 No. 2 (Version for Viola & Piano): III. Andante con moto",0,audio_features,spotify:track:2Jan1k42YTdATpNgmL7CUV,0.136
0.246,https://api.spotify.com/v1/audio-analysis/6NI5NpMwuf3Og5F6cIwVGd,BOL4,67,0.46,230526,0.775,6NI5NpMwuf3Og5F6cIwVGd,0,1,0.175,-3.361,1,0.0976,191.89,4,https://api.spotify.com/v1/tracks/6NI5NpMwuf3Og5F6cIwVGd,When I Fall In Love 사랑에 빠졌을 때,45,audio_features,spotify:track:6NI5NpMwuf3Og5F6cIwVGd,0.56
0.149,https://api.spotify.com/v1/audio-analysis/79z1mkYPPBMdv34kqdLQi6,Élodie Frégé,43,0.481,276867,0.565,79z1mkYPPBMdv34kqdLQi6,2.11E-05,7,0.0628,-8.113,1,0.0254,83.945,4,https://api.spotify.com/v1/tracks/79z1mkYPPBMdv34kqdLQi6,Si je reste (un peu),16,audio_features,spotify:track:79z1mkYPPBMdv34kqdLQi6,0.395
0.819,https://api.spotify.com/v1/audio-analysis/2jR9Au1ZkBjhGgNGbzK8VI,Jóhann Jóhannsson,66,0.272,158933,0.175,2jR9Au1ZkBjhGgNGbzK8VI,0.936,8,0.107,-19.99,1,0.0418,90.444,4,https://api.spotify.com/v1/tracks/2jR9Au1ZkBjhGgNGbzK8VI,"By the Roes, and by the Hinds of the Field",0,audio_features,spotify:track:2jR9Au1ZkBjhGgNGbzK8VI,0.113
0.00141,https://api.spotify.com/v1/audio-analysis/7aCSFUMLTGctBdDpzlSHNV,SUNHILL,3,0.512,311010,0.704,7aCSFUMLTGctBdDpzlSHNV,0.782,11,0.14,-11.925,0,0.035,133.991,4,https://api.spotify.com/v1/tracks/7aCSFUMLTGctBdDpzlSHNV,Counting Off,3,audio_features,spotify:track:7aCSFUMLTGctBdDpzlSHNV,0.672
0.941,https://api.spotify.com/v1/audio-analysis/1KrzjbKRjj7OP7YighMqPp,Anastace,16,0.255,337841,0.119,1KrzjbKRjj7OP7YighMqPp,0.000802,9,0.0749,-14.534,0,0.0333,171.798,4,https://api.spotify.com/v1/tracks/1KrzjbKRjj7OP7YighMqPp,Shadowlands,25,audio_features,spotify:track:1KrzjbKRjj7OP7YighMqPp,0.0697
0.993,https://api.spotify.com/v1/audio-analysis/5SmDwpXxVU511m6ZyPLsvR,Benjamin Britten,51,0.366,321827,0.0445,5SmDwpXxVU511m6ZyPLsvR,0.891,0,0.104,-27.585,1,0.0464,105.651,3,https://api.spotify.com/v1/tracks/5SmDwpXxVU511m6ZyPLsvR,"Nocturnal after John Dowland: Reflections on Come, heavy sleep, Op. 70: I. Musingly. II. Very agitated. III. Restless. IV. Uneasy",0,audio_features,spotify:track:5SmDwpXxVU511m6ZyPLsvR,0.048
0.000826,https://api.spotify.com/v1/audio-analysis/6z1nMCq1HJSZ78u2jYtrDT,King Von,82,0.871,175533,0.545,6z1nMCq1HJSZ78u2jYtrDT,0,0,0.0779,-8.279,1,0.695,160.097,4,https://api.spotify.com/v1/tracks/6z1nMCq1HJSZ78u2jYtrDT,Twin Nem,69,audio_features,spotify:track:6z1nMCq1HJSZ78u2jYtrDT,0.3
0.986,https://api.spotify.com/v1/audio-analysis/7AHF3V7qRPhZV7gzJLZ3CL,Lester Young,53,0.593,190933,0.103,7AHF3V7qRPhZV7gzJLZ3CL,0.6,10,0.12,-14.961,1,0.081,66.283,4,https://api.spotify.com/v1/tracks/7AHF3V7qRPhZV7gzJLZ3CL,These Foolish Things - Remastered 1995,57,audio_features,spotify:track:7AHF3V7qRPhZV7gzJLZ3CL,0.443
0.935,https://api.spotify.com/v1/audio-analysis/6GuRpjtYkful5nD6JRRnRd,Beyond The Guitar,46,0.519,152580,0.0916,6GuRpjtYkful5nD6JRRnRd,0.941,9,0.106,-13.257,0,0.0544,139.121,4,https://api.spotify.com/v1/tracks/6GuRpjtYkful5nD6JRRnRd,Evil Morty Theme (For The Damaged Coda),29,audio_features,spotify:track:6GuRpjtYkful5nD6JRRnRd,0.172
0.000153,https://api.spotify.com/v1/audio-analysis/4brYBaV0FQXi3k1l6x4dRI,Romeo Julien,2,0.684,209280,0.95,4brYBaV0FQXi3k1l6x4dRI,0.645,0,0.0984,-7.058,1,0.0437,123.008,4,https://api.spotify.com/v1/tracks/4brYBaV0FQXi3k1l6x4dRI,Orgasmicoteca,0,audio_features,spotify:track:4brYBaV0FQXi3k1l6x4dRI,0.261
0.723,https://api.spotify.com/v1/audio-analysis/1pSgoAMN0VwnZ3ExVwZUJI,Mariah Carey,80,0.58,306733,0.471,1pSgoAMN0VwnZ3ExVwZUJI,0,6,0.147,-7.439,1,0.0364,115.951,4,https://api.spotify.com/v1/tracks/1pSgoAMN0VwnZ3ExVwZUJI,Yours,34,audio_features,spotify:track:1pSgoAMN0VwnZ3ExVwZUJI,0.246
0.835,https://api.spotify.com/v1/audio-analysis/0IJgra9vXpvE0jtuM1liFV,Nyah Grace,34,0.681,223191,0.16,0IJgra9vXpvE0jtuM1liFV,0,2,0.104,-15.183,1,0.0478,113.68,4,https://api.spotify.com/v1/tracks/0IJgra9vXpvE0jtuM1liFV,Black Coffee - (Radio Edit),42,audio_features,spotify:track:0IJgra9vXpvE0jtuM1liFV,0.315
0.204,https://api.spotify.com/v1/audio-analysis/6GS6uE1vDmtzxO8GztAR2O,Seduction,35,0.772,282267,0.598,6GS6uE1vDmtzxO8GztAR2O,0.00345,7,0.513,-10.857,0,0.0429,114.419,4,https://api.spotify.com/v1/tracks/6GS6uE1vDmtzxO8GztAR2O,Two To Make It Right,46,audio_features,spotify:track:6GS6uE1vDmtzxO8GztAR2O,0.717
0.0174,https://api.spotify.com/v1/audio-analysis/2kJiOeyVa9LfHPRLZfl3uI,King Crimson,59,0.446,384229,0.858,2kJiOeyVa9LfHPRLZfl3uI,0.883,7,0.899,-11.4,1,0.0554,113.162,5,https://api.spotify.com/v1/tracks/2kJiOeyVa9LfHPRLZfl3uI,"Larks' Tongues In Aspic: Part Two - Live in Providence, Rhode Island - Palace Theatre: June 30th 1974",22,audio_features,spotify:track:2kJiOeyVa9LfHPRLZfl3uI,0.361
0.119,https://api.spotify.com/v1/audio-analysis/3WG4Vsb5zjINVPvp36wLsq,Schubi AKpella,50,0.597,147341,0.761,3WG4Vsb5zjINVPvp36wLsq,0,0,0.13,-5.729,0,0.289,97.688,4,https://api.spotify.com/v1/tracks/3WG4Vsb5zjINVPvp36wLsq,Panther,57,audio_features,spotify:track:3WG4Vsb5zjINVPvp36wLsq,0.56
0.827,https://api.spotify.com/v1/audio-analysis/6WU3NfoAiwqoWvtBVqEKH1,Pigziby,27,0.607,133146,0.321,6WU3NfoAiwqoWvtBVqEKH1,0.809,7,0.132,-18.599,0,0.114,109.873,4,https://api.spotify.com/v1/tracks/6WU3NfoAiwqoWvtBVqEKH1,Sable Moulant,28,audio_features,spotify:track:6WU3NfoAiwqoWvtBVqEKH1,0.479
0.427,https://api.spotify.com/v1/audio-analysis/2VyCwmEuGk1fbmaphDVkGC,Dead Man's Bones,43,0.315,159293,0.33,2VyCwmEuGk1fbmaphDVkGC,0.000134,4,0.148,-12.603,1,0.0541,131.046,4,https://api.spotify.com/v1/tracks/2VyCwmEuGk1fbmaphDVkGC,Flowers Grow Out of My Grave,39,audio_features,spotify:track:2VyCwmEuGk1fbmaphDVkGC,0.279
0.995,https://api.spotify.com/v1/audio-analysis/45std32DGbcB2v6rPUVtIs,Piano Waves,19,0.741,241000,0.0893,45std32DGbcB2v6rPUVtIs,0.923,3,0.101,-26.642,0,0.0501,120.045,4,https://api.spotify.com/v1/tracks/45std32DGbcB2v6rPUVtIs,Momentary (with Waves Sound),0,audio_features,spotify:track:45std32DGbcB2v6rPUVtIs,0.437
0.995,https://api.spotify.com/v1/audio-analysis/5kQAR3cQi9IvFfiSuhZSmS,Various Artists,0,0.525,184680,0.157,5kQAR3cQi9IvFfiSuhZSmS,0.851,7,0.177,-16.619,0,0.0507,179.623,4,https://api.spotify.com/v1/tracks/5kQAR3cQi9IvFfiSuhZSmS,"FST (Fine, Sweet & Tasty)",0,audio_features,spotify:track:5kQAR3cQi9IvFfiSuhZSmS,0.609
0.00916,https://api.spotify.com/v1/audio-analysis/3cqnn3G9J0ZDo5ZgCWAFij,Mick Smiley,22,0.524,259800,0.424,3cqnn3G9J0ZDo5ZgCWAFij,0.151,4,0.133,-18.098,0,0.0401,130.054,5,https://api.spotify.com/v1/tracks/3cqnn3G9J0ZDo5ZgCWAFij,Magic,39,audio_features,spotify:track:3cqnn3G9J0ZDo5ZgCWAFij,0.422
0.0642,https://api.spotify.com/v1/audio-analysis/7nKBxz47S9SD79N086fuhn,Enrique Iglesias,81,0.688,207680,0.822,7nKBxz47S9SD79N086fuhn,0,0,0.241,-3.304,1,0.0537,91.011,4,https://api.spotify.com/v1/tracks/7nKBxz47S9SD79N086fuhn,SUBEME LA RADIO (feat. Descemer Bueno & Zion & Lennox),75,audio_features,spotify:track:7nKBxz47S9SD79N086fuhn,0.66
0.178,https://api.spotify.com/v1/audio-analysis/2dJ1UJEQQq3jkLSJP4ZIoi,4*TOWN (From Disney and Pixar’s Turning Red),73,0.622,199907,0.364,2dJ1UJEQQq3jkLSJP4ZIoi,5.84E-06,0,0.122,-10.547,0,0.0328,120.075,4,https://api.spotify.com/v1/tracks/2dJ1UJEQQq3jkLSJP4ZIoi,1 True Love,73,audio_features,spotify:track:2dJ1UJEQQq3jkLSJP4ZIoi,0.221
0.085,https://api.spotify.com/v1/audio-analysis/33lZxvafQ8HbGGjeNtYYF6,Dubdogz,73,0.63,191220,0.692,33lZxvafQ8HbGGjeNtYYF6,0,6,0.204,-5.198,0,0.0404,122.394,4,https://api.spotify.com/v1/tracks/33lZxvafQ8HbGGjeNtYYF6,Like Love,48,audio_features,spotify:track:33lZxvafQ8HbGGjeNtYYF6,0.734
0.0848,https://api.spotify.com/v1/audio-analysis/0Oe49j06Bjrxs8PltuVeaW,Jennifer Lopez,81,0.758,230907,0.686,0Oe49j06Bjrxs8PltuVeaW,0.00127,11,0.142,-6.346,1,0.0792,130.007,4,https://api.spotify.com/v1/tracks/0Oe49j06Bjrxs8PltuVeaW,On The Floor - Radio Edit,74,audio_features,spotify:track:0Oe49j06Bjrxs8PltuVeaW,0.444
0.56,https://api.spotify.com/v1/audio-analysis/28HVU46osMmhvXybqycOEk,Jack Strange,0,0.562,214570,0.192,28HVU46osMmhvXybqycOEk,1.43E-05,9,0.121,-16.455,0,0.0413,132.269,4,https://api.spotify.com/v1/tracks/28HVU46osMmhvXybqycOEk,Carousel (Slow Ride),0,audio_features,spotify:track:28HVU46osMmhvXybqycOEk,0.333
0.876,https://api.spotify.com/v1/audio-analysis/5ILd0gWBJtDPgER4xPBhnj,Graham BLVD,39,0.322,136191,0.301,5ILd0gWBJtDPgER4xPBhnj,0,7,0.139,-10.328,1,0.029,106.529,3,https://api.spotify.com/v1/tracks/5ILd0gWBJtDPgER4xPBhnj,The Little White Cloud That Cried,0,audio_features,spotify:track:5ILd0gWBJtDPgER4xPBhnj,0.301
0.971,https://api.spotify.com/v1/audio-analysis/68pbKH37yDaPfwVZzRALg4,Nelson Patricio Diaz Lauzurica,0,0.624,182358,0.148,68pbKH37yDaPfwVZzRALg4,0.919,6,0.123,-20.055,1,0.0531,119.201,4,https://api.spotify.com/v1/tracks/68pbKH37yDaPfwVZzRALg4,Giant Steps,0,audio_features,spotify:track:68pbKH37yDaPfwVZzRALg4,0.487
0.122,https://api.spotify.com/v1/audio-analysis/5xeRXyEaXHrSkEUdMPWyfm,Nimue,1,0.645,355556,0.839,5xeRXyEaXHrSkEUdMPWyfm,0.839,9,0.372,-10.819,0,0.0409,134.979,4,https://api.spotify.com/v1/tracks/5xeRXyEaXHrSkEUdMPWyfm,Magico Tonal,0,audio_features,spotify:track:5xeRXyEaXHrSkEUdMPWyfm,0.117
0.115,https://api.spotify.com/v1/audio-analysis/7aQUKCZvLL2y0Mqnk1mFUP,Locos Por Juana,37,0.698,318896,0.709,7aQUKCZvLL2y0Mqnk1mFUP,1.28E-05,8,0.107,-5.685,0,0.0437,153.938,4,https://api.spotify.com/v1/tracks/7aQUKCZvLL2y0Mqnk1mFUP,Children of the Light (Holding Back the Years),0,audio_features,spotify:track:7aQUKCZvLL2y0Mqnk1mFUP,0.841
0.94,https://api.spotify.com/v1/audio-analysis/705gGIMTFbdAo4X02pZyJN,Sebastián Durón,10,0.594,293960,0.328,705gGIMTFbdAo4X02pZyJN,0,0,0.0523,-22.847,1,0.0975,159.818,3,https://api.spotify.com/v1/tracks/705gGIMTFbdAo4X02pZyJN,Negriya que quele,0,audio_features,spotify:track:705gGIMTFbdAo4X02pZyJN,0.871
6.06E-05,https://api.spotify.com/v1/audio-analysis/6ZxrUCaynLgKSUudACOTwj,Crossfade,60,0.451,194227,0.815,6ZxrUCaynLgKSUudACOTwj,0,2,0.27,-5.55,0,0.0368,147.974,4,https://api.spotify.com/v1/tracks/6ZxrUCaynLgKSUudACOTwj,Cold,73,audio_features,spotify:track:6ZxrUCaynLgKSUudACOTwj,0.618
0.076,https://api.spotify.com/v1/audio-analysis/6t44iU80A0h8WQ7vc4OoRj,Paramore,80,0.734,235707,0.626,6t44iU80A0h8WQ7vc4OoRj,6.54E-06,7,0.168,-5.685,1,0.0458,98.559,4,https://api.spotify.com/v1/tracks/6t44iU80A0h8WQ7vc4OoRj,Fake Happy,66,audio_features,spotify:track:6t44iU80A0h8WQ7vc4OoRj,0.44
0.619,https://api.spotify.com/v1/audio-analysis/075Y1CcVhmGI3dejONq09l,Christian Bleiming,28,0.609,196023,0.805,075Y1CcVhmGI3dejONq09l,0.627,4,0.0787,-11.593,0,0.0308,110.655,4,https://api.spotify.com/v1/tracks/075Y1CcVhmGI3dejONq09l,The Sheik of Araby,17,audio_features,spotify:track:075Y1CcVhmGI3dejONq09l,0.874
0.296,https://api.spotify.com/v1/audio-analysis/2R4AlwtrrkMaRKojcTIzmL,Mac DeMarco,82,0.551,182307,0.529,2R4AlwtrrkMaRKojcTIzmL,0.0093,5,0.178,-10.469,0,0.0517,75.515,4,https://api.spotify.com/v1/tracks/2R4AlwtrrkMaRKojcTIzmL,For the First Time,84,audio_features,spotify:track:2R4AlwtrrkMaRKojcTIzmL,0.521
0.745,https://api.spotify.com/v1/audio-analysis/03TJdqB52LcYw01HeJ8SAr,Brüder Grimm,43,0.649,270154,0.411,03TJdqB52LcYw01HeJ8SAr,0,8,0.235,-10.751,1,0.959,160.369,5,https://api.spotify.com/v1/tracks/03TJdqB52LcYw01HeJ8SAr,Schneewittchen - Kapitel 3,21,audio_features,spotify:track:03TJdqB52LcYw01HeJ8SAr,0.451
0.975,https://api.spotify.com/v1/audio-analysis/2xdNFkopwow3XZoHxIsE3b,s. lyre,31,0.711,155200,0.196,2xdNFkopwow3XZoHxIsE3b,0.82,2,0.109,-12.237,1,0.0446,75.007,4,https://api.spotify.com/v1/tracks/2xdNFkopwow3XZoHxIsE3b,swimming lessons,18,audio_features,spotify:track:2xdNFkopwow3XZoHxIsE3b,0.268
0.0574,https://api.spotify.com/v1/audio-analysis/0T7saIkMfVPweegjr93k5f,Rocky's All Stars,12,0.566,205715,0.917,0T7saIkMfVPweegjr93k5f,0.000167,7,0.603,-9.189,1,0.0528,129.213,4,https://api.spotify.com/v1/tracks/0T7saIkMfVPweegjr93k5f,Last Train to Trancentral,0,audio_features,spotify:track:0T7saIkMfVPweegjr93k5f,0.423
0.0348,https://api.spotify.com/v1/audio-analysis/5xqjk4XNlFgZPFb80jqCUg,Tom MacDonald,71,0.758,196105,0.874,5xqjk4XNlFgZPFb80jqCUg,0,5,0.174,-5.248,0,0.281,94.984,4,https://api.spotify.com/v1/tracks/5xqjk4XNlFgZPFb80jqCUg,New World Order,64,audio_features,spotify:track:5xqjk4XNlFgZPFb80jqCUg,0.608
0.566,https://api.spotify.com/v1/audio-analysis/0fINYaTICA4Y9kMz4OrWPv,Sherlock Holmes,70,0.618,182601,0.654,0fINYaTICA4Y9kMz4OrWPv,0,10,0.551,-15.254,0,0.499,86.862,5,https://api.spotify.com/v1/tracks/0fINYaTICA4Y9kMz4OrWPv,Teil 13 - Die Originale - Fall 38: Das gesprenkelte Band,27,audio_features,spotify:track:0fINYaTICA4Y9kMz4OrWPv,0.588
0.888,https://api.spotify.com/v1/audio-analysis/2fhHZSOdl5uScfFsDtsQiR,Unknown,43,0.331,353667,0.336,2fhHZSOdl5uScfFsDtsQiR,0.854,10,0.113,-16.538,1,0.0393,149.3,4,https://api.spotify.com/v1/tracks/2fhHZSOdl5uScfFsDtsQiR,"Octet in E-flat major, Op. 20: IV. Presto",0,audio_features,spotify:track:2fhHZSOdl5uScfFsDtsQiR,0.494
0.838,https://api.spotify.com/v1/audio-analysis/3OHTZ4uHkcuIMk7m90dJQX,Jenny & Me,0,0.37,209947,0.345,3OHTZ4uHkcuIMk7m90dJQX,0.000869,7,0.1,-8.626,1,0.0277,91.876,4,https://api.spotify.com/v1/tracks/3OHTZ4uHkcuIMk7m90dJQX,Circles,0,audio_features,spotify:track:3OHTZ4uHkcuIMk7m90dJQX,0.0883
0.142,https://api.spotify.com/v1/audio-analysis/7xaPweidANUTqpvEpoji7m,Emil and Orchester,0,0.827,169147,0.455,7xaPweidANUTqpvEpoji7m,0.00101,0,0.0909,-12.317,1,0.332,121.848,4,https://api.spotify.com/v1/tracks/7xaPweidANUTqpvEpoji7m,"Nanu, Nanu, Nanu (Ich Ging Einmal Spazieren)",0,audio_features,spotify:track:7xaPweidANUTqpvEpoji7m,0.679
0.744,https://api.spotify.com/v1/audio-analysis/6NBvayZONzPvy3EQGZCEwd,Instrumentalni Kvintet Franca Žibrata,0,0.741,204000,0.52,6NBvayZONzPvy3EQGZCEwd,0.00141,1,0.0616,-4.178,1,0.0314,104.808,3,https://api.spotify.com/v1/tracks/6NBvayZONzPvy3EQGZCEwd,Slovo,0,audio_features,spotify:track:6NBvayZONzPvy3EQGZCEwd,0.578
0.408,https://api.spotify.com/v1/audio-analysis/2n3nl2jMC2zEaJ7r9lurfo,Sondr,53,0.652,185185,0.931,2n3nl2jMC2zEaJ7r9lurfo,7.78E-06,7,0.109,-5.076,1,0.0671,117.98,4,https://api.spotify.com/v1/tracks/2n3nl2jMC2zEaJ7r9lurfo,Telephone Love,37,audio_features,spotify:track:2n3nl2jMC2zEaJ7r9lurfo,0.504
0.00194,https://api.spotify.com/v1/audio-analysis/7mX9YvNxgujvzyqxinFACK,Mae,42,0.662,245680,0.858,7mX9YvNxgujvzyqxinFACK,0.000198,2,0.172,-6.862,1,0.045,133.535,4,https://api.spotify.com/v1/tracks/7mX9YvNxgujvzyqxinFACK,Summertime,35,audio_features,spotify:track:7mX9YvNxgujvzyqxinFACK,0.433
0.0408,https://api.spotify.com/v1/audio-analysis/5aNt0z5djvwsPflqoEXd7c,Hardwell,69,0.441,248593,0.875,5aNt0z5djvwsPflqoEXd7c,0.452,6,0.223,-2.094,1,0.0954,130.037,4,https://api.spotify.com/v1/tracks/5aNt0z5djvwsPflqoEXd7c,Wake Up Call,39,audio_features,spotify:track:5aNt0z5djvwsPflqoEXd7c,0.135
0.295,https://api.spotify.com/v1/audio-analysis/4Zrn6PiaMEFNljxR1t2fJX,Baby Walrus,33,0.76,140769,0.179,4Zrn6PiaMEFNljxR1t2fJX,0,4,0.397,-10.893,1,0.0836,52.028,4,https://api.spotify.com/v1/tracks/4Zrn6PiaMEFNljxR1t2fJX,Here We Go Round The Mulberry Bush,0,audio_features,spotify:track:4Zrn6PiaMEFNljxR1t2fJX,0.969
0.898,https://api.spotify.com/v1/audio-analysis/3hcUwvZuTrvReNt9zep6R8,Yumi Zouma,56,0.394,182877,0.271,3hcUwvZuTrvReNt9zep6R8,0.000217,2,0.106,-9.287,1,0.0534,79.433,5,https://api.spotify.com/v1/tracks/3hcUwvZuTrvReNt9zep6R8,Truer Than Ever - Alternate Version,19,audio_features,spotify:track:3hcUwvZuTrvReNt9zep6R8,0.24
0.0818,https://api.spotify.com/v1/audio-analysis/2RXNd9a9RLrtXuRPyjJCgD,Brigitte Endres,26,0.709,182149,0.231,2RXNd9a9RLrtXuRPyjJCgD,0,1,0.0737,-20.776,1,0.956,84.799,3,https://api.spotify.com/v1/tracks/2RXNd9a9RLrtXuRPyjJCgD,Kapitel 21 - Schluri Schlampowski und die Stinktierfalle,10,audio_features,spotify:track:2RXNd9a9RLrtXuRPyjJCgD,0.36
0.275,https://api.spotify.com/v1/audio-analysis/0ye1ZsUA8qv59kT6lm2AYV,Fused Forces,1,0.507,192520,0.585,0ye1ZsUA8qv59kT6lm2AYV,0,0,0.414,-6.265,1,0.23,91.247,4,https://api.spotify.com/v1/tracks/0ye1ZsUA8qv59kT6lm2AYV,Ganster Lean,0,audio_features,spotify:track:0ye1ZsUA8qv59kT6lm2AYV,0.464
0.784,https://api.spotify.com/v1/audio-analysis/2ST3zQII2xXdi7nsPKSQSJ,Matthieu Prual,32,0.936,75973,0.185,2ST3zQII2xXdi7nsPKSQSJ,0,7,0.147,-18.047,1,0.89,121.159,4,https://api.spotify.com/v1/tracks/2ST3zQII2xXdi7nsPKSQSJ,Une poule sur un mur,5,audio_features,spotify:track:2ST3zQII2xXdi7nsPKSQSJ,0.334
0.0383,https://api.spotify.com/v1/audio-analysis/2PzU4IB8Dr6mxV3lHuaG34,The Rolling Stones,82,0.723,222813,0.863,2PzU4IB8Dr6mxV3lHuaG34,0.0317,2,0.128,-7.89,1,0.0338,136.302,4,https://api.spotify.com/v1/tracks/2PzU4IB8Dr6mxV3lHuaG34,(I Can't Get No) Satisfaction - Mono Version,81,audio_features,spotify:track:2PzU4IB8Dr6mxV3lHuaG34,0.931
0.874,https://api.spotify.com/v1/audio-analysis/5zh1nRh1p2Zm2y3SzlJbzb,Matt Swift,0,0.474,170580,0.135,5zh1nRh1p2Zm2y3SzlJbzb,0,8,0.115,-14.58,1,0.0334,64.874,3,https://api.spotify.com/v1/tracks/5zh1nRh1p2Zm2y3SzlJbzb,Everybody Suffers Sometimes,0,audio_features,spotify:track:5zh1nRh1p2Zm2y3SzlJbzb,0.344
0.159,https://api.spotify.com/v1/audio-analysis/6LjLBcockWxLxHcaqTcgBH,Venter På Far,26,0.631,271867,0.696,6LjLBcockWxLxHcaqTcgBH,0,0,0.1,-6.278,1,0.0308,128.964,4,https://api.spotify.com/v1/tracks/6LjLBcockWxLxHcaqTcgBH,Din hund har skidt på mit fortorv,16,audio_features,spotify:track:6LjLBcockWxLxHcaqTcgBH,0.506
0.43,https://api.spotify.com/v1/audio-analysis/3wAvQDESfTvW50J5Gu4Zbs,Aaron Lewis,65,0.426,231640,0.437,3wAvQDESfTvW50J5Gu4Zbs,2.01E-05,2,0.321,-6.679,1,0.0284,147.717,4,https://api.spotify.com/v1/tracks/3wAvQDESfTvW50J5Gu4Zbs,Folded Flag,49,audio_features,spotify:track:3wAvQDESfTvW50J5Gu4Zbs,0.122
0.942,https://api.spotify.com/v1/audio-analysis/7yosKwzqB3hBHbak16VJNI,Lawrence,60,0.383,222653,0.108,7yosKwzqB3hBHbak16VJNI,0,5,0.0931,-14.1,1,0.0396,87.618,3,https://api.spotify.com/v1/tracks/7yosKwzqB3hBHbak16VJNI,Too Easy,32,audio_features,spotify:track:7yosKwzqB3hBHbak16VJNI,0.275
0.23,https://api.spotify.com/v1/audio-analysis/6LB6puxiCrEXA5xYOe7PEF,Hlengiwe Mhlaba,43,0.377,347973,0.363,6LB6puxiCrEXA5xYOe7PEF,0.000713,0,0.103,-11.993,1,0.0371,119.587,4,https://api.spotify.com/v1/tracks/6LB6puxiCrEXA5xYOe7PEF,The Power And The Glory,18,audio_features,spotify:track:6LB6puxiCrEXA5xYOe7PEF,0.161
0.372,https://api.spotify.com/v1/audio-analysis/35mL8keNDi2VLHrFXZCgJR,Rainbow Kitten Surprise,73,0.699,221546,0.458,35mL8keNDi2VLHrFXZCgJR,1.33E-06,0,0.111,-12.357,1,0.106,129.991,4,https://api.spotify.com/v1/tracks/35mL8keNDi2VLHrFXZCgJR,Shameful Company,53,audio_features,spotify:track:35mL8keNDi2VLHrFXZCgJR,0.269
0.166,https://api.spotify.com/v1/audio-analysis/1rbZ9vQpl8RxRRp77fTLcn,JoshAlo,7,0.542,216549,0.775,1rbZ9vQpl8RxRRp77fTLcn,0.317,8,0.103,-5.666,1,0.246,150.75,5,https://api.spotify.com/v1/tracks/1rbZ9vQpl8RxRRp77fTLcn,Don't Go Lose It Baby (Re up),22,audio_features,spotify:track:1rbZ9vQpl8RxRRp77fTLcn,0.492
0.65,https://api.spotify.com/v1/audio-analysis/3oIA3hLrXK2OMU1GXJSXrQ,Charlie Simpson,45,0.582,198827,0.618,3oIA3hLrXK2OMU1GXJSXrQ,3.75E-05,4,0.0777,-6.831,0,0.0305,129.879,4,https://api.spotify.com/v1/tracks/3oIA3hLrXK2OMU1GXJSXrQ,Down Down Down,23,audio_features,spotify:track:3oIA3hLrXK2OMU1GXJSXrQ,0.4
0.16,https://api.spotify.com/v1/audio-analysis/452DqyxRHc87haJeSG8861,Desade,33,0.474,224861,0.875,452DqyxRHc87haJeSG8861,0,8,0.126,-6.549,0,0.158,79.821,4,https://api.spotify.com/v1/tracks/452DqyxRHc87haJeSG8861,Morana,14,audio_features,spotify:track:452DqyxRHc87haJeSG8861,0.425
0.000267,https://api.spotify.com/v1/audio-analysis/3jWcQPawE8SLmwi8TLp8bG,Faith No More,66,0.436,204173,0.945,3jWcQPawE8SLmwi8TLp8bG,0.0117,7,0.348,-5.778,1,0.0678,139.615,5,https://api.spotify.com/v1/tracks/3jWcQPawE8SLmwi8TLp8bG,Collision,37,audio_features,spotify:track:3jWcQPawE8SLmwi8TLp8bG,0.608
0.897,https://api.spotify.com/v1/audio-analysis/0aKgl02N0uPZXSZZdX1xJk,The Bobby Hackett Quartet,1,0.479,482973,0.484,0aKgl02N0uPZXSZZdX1xJk,0.768,0,0.114,-13.434,1,0.0608,140.233,4,https://api.spotify.com/v1/tracks/0aKgl02N0uPZXSZZdX1xJk,Take the a Train,0,audio_features,spotify:track:0aKgl02N0uPZXSZZdX1xJk,0.726
0.343,https://api.spotify.com/v1/audio-analysis/34jwcDVX1Mcf4VX6Vz2lNj,Shorty Bralik,1,0.659,89757,0.383,34jwcDVX1Mcf4VX6Vz2lNj,0.066,2,0.101,-12.9,1,0.697,77.305,4,https://api.spotify.com/v1/tracks/34jwcDVX1Mcf4VX6Vz2lNj,On 264,0,audio_features,spotify:track:34jwcDVX1Mcf4VX6Vz2lNj,0.679
0.631,https://api.spotify.com/v1/audio-analysis/3JaghhgeNMLtaufuBuGWAL,"The Reds, Pinks and Purples",33,0.48,162054,0.467,3JaghhgeNMLtaufuBuGWAL,0.891,3,0.13,-13.85,1,0.0284,145.116,4,https://api.spotify.com/v1/tracks/3JaghhgeNMLtaufuBuGWAL,All Night We Move,19,audio_features,spotify:track:3JaghhgeNMLtaufuBuGWAL,0.772
0.461,https://api.spotify.com/v1/audio-analysis/0qRR9d89hIS0MHRkQ0ejxX,Daryl Hall & John Oates,74,0.573,142787,0.683,0qRR9d89hIS0MHRkQ0ejxX,0,5,0.0935,-6.644,1,0.176,169.519,4,https://api.spotify.com/v1/tracks/0qRR9d89hIS0MHRkQ0ejxX,Rich Girl,77,audio_features,spotify:track:0qRR9d89hIS0MHRkQ0ejxX,0.817
0.465,https://api.spotify.com/v1/audio-analysis/3ZV4jN1HxT7dCHB1MWPZgF,Woody Herman & His Orchestra,34,0.658,173427,0.532,3ZV4jN1HxT7dCHB1MWPZgF,0.00304,7,0.0593,-8.712,0,0.0758,118.212,4,https://api.spotify.com/v1/tracks/3ZV4jN1HxT7dCHB1MWPZgF,Not Really The Blues,20,audio_features,spotify:track:3ZV4jN1HxT7dCHB1MWPZgF,0.812
0.21,https://api.spotify.com/v1/audio-analysis/4atI4s4twgaBjdjfupti2e,Frank Sinatra,79,0.586,144133,0.322,4atI4s4twgaBjdjfupti2e,0,8,0.0737,-11.43,0,0.04,127.02,4,https://api.spotify.com/v1/tracks/4atI4s4twgaBjdjfupti2e,Just In Time - 1998 Remaster,55,audio_features,spotify:track:4atI4s4twgaBjdjfupti2e,0.665
0.674,https://api.spotify.com/v1/audio-analysis/6pKtFvYZwD1FJMfH4ny1ol,Isak Danielson,65,0.536,202340,0.408,6pKtFvYZwD1FJMfH4ny1ol,0,4,0.129,-9.245,0,0.0485,93.997,4,https://api.spotify.com/v1/tracks/6pKtFvYZwD1FJMfH4ny1ol,I'll Be Waiting,48,audio_features,spotify:track:6pKtFvYZwD1FJMfH4ny1ol,0.163
0.132,https://api.spotify.com/v1/audio-analysis/2puHJmjL4jvO19aEA7kzcb,Mac Miller,88,0.606,272973,0.534,2puHJmjL4jvO19aEA7kzcb,1.10E-06,1,0.148,-6.904,1,0.512,111.044,4,https://api.spotify.com/v1/tracks/2puHJmjL4jvO19aEA7kzcb,Soulmate,66,audio_features,spotify:track:2puHJmjL4jvO19aEA7kzcb,0.561
0.98,https://api.spotify.com/v1/audio-analysis/2JqSBt5VcV8jYHQ6bgjDE1,Frédéric Chopin,78,0.269,342587,0.0956,2JqSBt5VcV8jYHQ6bgjDE1,0.944,1,0.0881,-22.44,1,0.0342,69.399,4,https://api.spotify.com/v1/tracks/2JqSBt5VcV8jYHQ6bgjDE1,"Fantasy-Impromptu in C-Sharp Minor, Op. 66: Fantasie-Impromptu in C Minor, Op. 66",2,audio_features,spotify:track:2JqSBt5VcV8jYHQ6bgjDE1,0.0884
0.0315,https://api.spotify.com/v1/audio-analysis/7LwwbEqsDUfbRd9YgQhqmR,FacePaint,8,0.256,327270,0.598,7LwwbEqsDUfbRd9YgQhqmR,0.218,0,0.0727,-11.198,1,0.0478,194.634,3,https://api.spotify.com/v1/tracks/7LwwbEqsDUfbRd9YgQhqmR,LOW,9,audio_features,spotify:track:7LwwbEqsDUfbRd9YgQhqmR,0.286
0.138,https://api.spotify.com/v1/audio-analysis/0fba6c3vulZB2OJVDYM00d,Art Garfunkel jr.,40,0.664,168344,0.831,0fba6c3vulZB2OJVDYM00d,0,10,0.118,-5.196,1,0.0637,93.005,4,https://api.spotify.com/v1/tracks/0fba6c3vulZB2OJVDYM00d,Wieder daheim (Homeward Bound),33,audio_features,spotify:track:0fba6c3vulZB2OJVDYM00d,0.342
0.657,https://api.spotify.com/v1/audio-analysis/0BVw5tKajA3zW8n1L9SUwH,Hüter des Lichts,33,0.541,203718,0.456,0BVw5tKajA3zW8n1L9SUwH,0,2,0.853,-13.043,1,0.906,57.806,4,https://api.spotify.com/v1/tracks/0BVw5tKajA3zW8n1L9SUwH,Hüter des Lichts - Teil 8,29,audio_features,spotify:track:0BVw5tKajA3zW8n1L9SUwH,0.503
0.0158,https://api.spotify.com/v1/audio-analysis/0Hphfy5osy7mS7qdUwe8dH,#NAME?,40,0.609,236787,0.852,0Hphfy5osy7mS7qdUwe8dH,0,9,0.194,-5.844,1,0.116,138.093,4,https://api.spotify.com/v1/tracks/0Hphfy5osy7mS7qdUwe8dH,Hajimari no Sora,47,audio_features,spotify:track:0Hphfy5osy7mS7qdUwe8dH,0.804
0.305,https://api.spotify.com/v1/audio-analysis/3U76b6F3Ecf0G58UF8aVtR,'The Great Comet' Original Cast Ensemble,14,0.693,391840,0.455,3U76b6F3Ecf0G58UF8aVtR,0,5,0.0944,-11.733,1,0.17,85.99,4,https://api.spotify.com/v1/tracks/3U76b6F3Ecf0G58UF8aVtR,Letters,22,audio_features,spotify:track:3U76b6F3Ecf0G58UF8aVtR,0.313
0.000854,https://api.spotify.com/v1/audio-analysis/56n2bVTS3OVMj77BHB9oy5,Secondhand Sound,32,0.504,225814,0.834,56n2bVTS3OVMj77BHB9oy5,0.000169,4,0.112,-7.344,1,0.0429,129.003,4,https://api.spotify.com/v1/tracks/56n2bVTS3OVMj77BHB9oy5,Knievel,33,audio_features,spotify:track:56n2bVTS3OVMj77BHB9oy5,0.618
0.0703,https://api.spotify.com/v1/audio-analysis/3HB47rygC2ZL256mYC833w,Jason Gould,28,0.503,154595,0.565,3HB47rygC2ZL256mYC833w,0,9,0.0553,-6.061,1,0.0511,200.104,4,https://api.spotify.com/v1/tracks/3HB47rygC2ZL256mYC833w,I Go Crazy,19,audio_features,spotify:track:3HB47rygC2ZL256mYC833w,0.67
0.133,https://api.spotify.com/v1/audio-analysis/5SJEp2yvw7UJAhLRRxvYZy,Tropicalísimo Apache,60,0.487,175840,0.627,5SJEp2yvw7UJAhLRRxvYZy,8.99E-05,2,0.0737,-7.94,1,0.0495,204.748,4,https://api.spotify.com/v1/tracks/5SJEp2yvw7UJAhLRRxvYZy,Viento,34,audio_features,spotify:track:5SJEp2yvw7UJAhLRRxvYZy,0.951
0.13,https://api.spotify.com/v1/audio-analysis/5Vsd7KQOlXm9rtPxGgnAdy,Racionais MC's,70,0.877,332467,0.466,5Vsd7KQOlXm9rtPxGgnAdy,0,10,0.0654,-13.735,0,0.356,100.038,4,https://api.spotify.com/v1/tracks/5Vsd7KQOlXm9rtPxGgnAdy,Parte II,26,audio_features,spotify:track:5Vsd7KQOlXm9rtPxGgnAdy,0.429
0.339,https://api.spotify.com/v1/audio-analysis/6HwvUoRNi4Bee7bkZmeWKm,Benny,43,0.503,243835,0.521,6HwvUoRNi4Bee7bkZmeWKm,0.00772,9,0.261,-9.763,0,0.196,102.444,4,https://api.spotify.com/v1/tracks/6HwvUoRNi4Bee7bkZmeWKm,Never Apart,31,audio_features,spotify:track:6HwvUoRNi4Bee7bkZmeWKm,0.517
0.0757,https://api.spotify.com/v1/audio-analysis/3sTGHiUFDrjoKyw3VK2Gb3,Jürgen Peter,30,0.718,220298,0.813,3sTGHiUFDrjoKyw3VK2Gb3,0.000461,0,0.227,-5.264,1,0.0293,131.035,4,https://api.spotify.com/v1/tracks/3sTGHiUFDrjoKyw3VK2Gb3,Diesmal ist das Spiel vorbei,0,audio_features,spotify:track:3sTGHiUFDrjoKyw3VK2Gb3,0.923
0.259,https://api.spotify.com/v1/audio-analysis/3DarAbFujv6eYNliUTyqtz,Doja Cat,94,0.764,208667,0.705,3DarAbFujv6eYNliUTyqtz,8.92E-05,8,0.12,-3.463,1,0.0284,110.97,4,https://api.spotify.com/v1/tracks/3DarAbFujv6eYNliUTyqtz,Kiss Me More (feat. SZA),89,audio_features,spotify:track:3DarAbFujv6eYNliUTyqtz,0.781
0.312,https://api.spotify.com/v1/audio-analysis/1iyZqqWDNGBaor7iJJCLQq,Lenny Tavárez,88,0.816,211157,0.773,1iyZqqWDNGBaor7iJJCLQq,0.000775,11,0.0739,-4.252,0,0.215,160.032,4,https://api.spotify.com/v1/tracks/1iyZqqWDNGBaor7iJJCLQq,TBT,40,audio_features,spotify:track:1iyZqqWDNGBaor7iJJCLQq,0.8
0.785,https://api.spotify.com/v1/audio-analysis/7pUUL0wxQzgraVhEgfbllg,Ladysmith Black Mambazo,52,0.629,209440,0.13,7pUUL0wxQzgraVhEgfbllg,0,10,0.581,-17.708,1,0.341,105.923,4,https://api.spotify.com/v1/tracks/7pUUL0wxQzgraVhEgfbllg,Ujesu Wami,1,audio_features,spotify:track:7pUUL0wxQzgraVhEgfbllg,0.885
0.0846,https://api.spotify.com/v1/audio-analysis/3R2S6IFH4xO5Su42y4YCaS,Tashi,48,0.784,93793,0.457,3R2S6IFH4xO5Su42y4YCaS,0.944,3,0.118,-4.851,0,0.0615,173.984,4,https://api.spotify.com/v1/tracks/3R2S6IFH4xO5Su42y4YCaS,One Note Funk,39,audio_features,spotify:track:3R2S6IFH4xO5Su42y4YCaS,0.861
4.93E-05,https://api.spotify.com/v1/audio-analysis/00NIBEqRwW6e7p9F24cm58,Eurosoul,4,0.584,250114,0.972,00NIBEqRwW6e7p9F24cm58,0.14,7,0.666,-5.931,1,0.0445,138.005,4,https://api.spotify.com/v1/tracks/00NIBEqRwW6e7p9F24cm58,Atomic Dance - Radio Edit,0,audio_features,spotify:track:00NIBEqRwW6e7p9F24cm58,0.541
0.0164,https://api.spotify.com/v1/audio-analysis/6Z3inon4L8e3leAD2BObTG,Duce El Torro,0,0.624,222517,0.794,6Z3inon4L8e3leAD2BObTG,0,6,0.102,-7.468,1,0.386,75.539,4,https://api.spotify.com/v1/tracks/6Z3inon4L8e3leAD2BObTG,Hunnet Bands,0,audio_features,spotify:track:6Z3inon4L8e3leAD2BObTG,0.524
0.248,https://api.spotify.com/v1/audio-analysis/6TfVwvokKOOlBQbyvbL4cU,BT,52,0.59,477253,0.461,6TfVwvokKOOlBQbyvbL4cU,0.0255,10,0.2,-11.44,1,0.032,119.982,4,https://api.spotify.com/v1/tracks/6TfVwvokKOOlBQbyvbL4cU,The Ghost In You,9,audio_features,spotify:track:6TfVwvokKOOlBQbyvbL4cU,0.153
0.533,https://api.spotify.com/v1/audio-analysis/6AptlDT6GKahA7JOfiZTE3,La Barra,56,0.725,206960,0.52,6AptlDT6GKahA7JOfiZTE3,0,10,0.0559,-10.599,1,0.0535,86.785,4,https://api.spotify.com/v1/tracks/6AptlDT6GKahA7JOfiZTE3,No Te Das Cuenta,21,audio_features,spotify:track:6AptlDT6GKahA7JOfiZTE3,0.738
0.0405,https://api.spotify.com/v1/audio-analysis/2wHHqHRxbAWd1x8bxY42XP,Twisted Insane,51,0.745,176005,0.74,2wHHqHRxbAWd1x8bxY42XP,2.74E-06,1,0.149,-5.969,1,0.0466,119.969,4,https://api.spotify.com/v1/tracks/2wHHqHRxbAWd1x8bxY42XP,Night Train,30,audio_features,spotify:track:2wHHqHRxbAWd1x8bxY42XP,0.0914
0.0222,https://api.spotify.com/v1/audio-analysis/3Art0BP4PE0sEg651o8G1M,Lynyrd Skynyrd,75,0.457,363293,0.916,3Art0BP4PE0sEg651o8G1M,0.00231,4,0.954,-4.436,1,0.064,117.093,4,https://api.spotify.com/v1/tracks/3Art0BP4PE0sEg651o8G1M,That Smell - Live,20,audio_features,spotify:track:3Art0BP4PE0sEg651o8G1M,0.291
0.339,https://api.spotify.com/v1/audio-analysis/6bCWyr3C3ngZdwizTYWQTG,Lil Eazzyy,65,0.679,175729,0.794,6bCWyr3C3ngZdwizTYWQTG,1.65E-05,1,0.113,-3.985,1,0.296,150.067,4,https://api.spotify.com/v1/tracks/6bCWyr3C3ngZdwizTYWQTG,Onna Come Up (feat. G Herbo) [Remix],68,audio_features,spotify:track:6bCWyr3C3ngZdwizTYWQTG,0.698
0.000143,https://api.spotify.com/v1/audio-analysis/2KK5x4iO4mV809CDL3WRZI,One Three Two Seven Five,37,0.594,56661,0.369,2KK5x4iO4mV809CDL3WRZI,0.0365,7,0.293,-15.016,1,0.11,80.107,4,https://api.spotify.com/v1/tracks/2KK5x4iO4mV809CDL3WRZI,Glass Bubble Eye,27,audio_features,spotify:track:2KK5x4iO4mV809CDL3WRZI,0.314
0.873,https://api.spotify.com/v1/audio-analysis/5Ur0R1e2NBgyg0cm604UaT,Ben Barnes,45,0.216,270571,0.287,5Ur0R1e2NBgyg0cm604UaT,0.0152,4,0.089,-9.21,0,0.0341,64.845,4,https://api.spotify.com/v1/tracks/5Ur0R1e2NBgyg0cm604UaT,Rise Up,46,audio_features,spotify:track:5Ur0R1e2NBgyg0cm604UaT,0.118
0.99,https://api.spotify.com/v1/audio-analysis/7En1KSXSjbCUHVMoLLaqeQ,Rilassante Jazz Musica Retro,0,0.774,103375,0.0288,7En1KSXSjbCUHVMoLLaqeQ,0.919,11,0.109,-20.215,1,0.0737,79.089,3,https://api.spotify.com/v1/tracks/7En1KSXSjbCUHVMoLLaqeQ,Momenti - Prudente,0,audio_features,spotify:track:7En1KSXSjbCUHVMoLLaqeQ,0.152
0.18,https://api.spotify.com/v1/audio-analysis/72ms9NBwklClXZT38mJUVE,The Lucky Bitz,20,0.823,211200,0.931,72ms9NBwklClXZT38mJUVE,0.0122,9,0.0996,-4.827,0,0.0878,138.988,4,https://api.spotify.com/v1/tracks/72ms9NBwklClXZT38mJUVE,Hella décalé,4,audio_features,spotify:track:72ms9NBwklClXZT38mJUVE,0.888
0.000202,https://api.spotify.com/v1/audio-analysis/76hKgeZVUCTQOqD0Hoqxmf,UNDERCOVER SLUT,2,0.475,230787,0.927,76hKgeZVUCTQOqD0Hoqxmf,0.0113,2,0.184,-5.839,1,0.13,134.965,4,https://api.spotify.com/v1/tracks/76hKgeZVUCTQOqD0Hoqxmf,Legalize Homicide,1,audio_features,spotify:track:76hKgeZVUCTQOqD0Hoqxmf,0.227
0.124,https://api.spotify.com/v1/audio-analysis/42EOgdZrqTun7o58H9OsvT,Kenzie Nimmo,29,0.552,190610,0.694,42EOgdZrqTun7o58H9OsvT,9.27E-06,4,0.314,-4.611,1,0.0552,94.948,4,https://api.spotify.com/v1/tracks/42EOgdZrqTun7o58H9OsvT,These Four Walls,43,audio_features,spotify:track:42EOgdZrqTun7o58H9OsvT,0.599
0.0827,https://api.spotify.com/v1/audio-analysis/1bAy16OKep71WF9mbaIhgZ,El Jincho,62,0.77,204632,0.883,1bAy16OKep71WF9mbaIhgZ,2.61E-05,7,0.0713,-4.787,1,0.336,189.968,4,https://api.spotify.com/v1/tracks/1bAy16OKep71WF9mbaIhgZ,Tic Tac - Viejo Vive,48,audio_features,spotify:track:1bAy16OKep71WF9mbaIhgZ,0.855
0.544,https://api.spotify.com/v1/audio-analysis/49rhyZLMgZZIsYcAQTnaHS,Electric Octopus,32,0.441,724659,0.319,49rhyZLMgZZIsYcAQTnaHS,0.918,5,0.11,-11.847,1,0.0302,94.513,4,https://api.spotify.com/v1/tracks/49rhyZLMgZZIsYcAQTnaHS,Moments,43,audio_features,spotify:track:49rhyZLMgZZIsYcAQTnaHS,0.216
0.908,https://api.spotify.com/v1/audio-analysis/4FUGzSW7a17sVUDDNyIZf4,Sadhguru Español,31,0.669,178722,0.477,4FUGzSW7a17sVUDDNyIZf4,0,8,0.403,-15.475,1,0.956,79.296,4,https://api.spotify.com/v1/tracks/4FUGzSW7a17sVUDDNyIZf4,Impulsado por los celos,24,audio_features,spotify:track:4FUGzSW7a17sVUDDNyIZf4,0.484
0.903,https://api.spotify.com/v1/audio-analysis/1DUwX7Xlkn9lCHd665bMCs,Omar Loera: Guitarra,20,0.632,257393,0.644,1DUwX7Xlkn9lCHd665bMCs,0.894,2,0.23,-9.106,0,0.0363,77.031,4,https://api.spotify.com/v1/tracks/1DUwX7Xlkn9lCHd665bMCs,Careless Whisper (Murmullo Inesperado),17,audio_features,spotify:track:1DUwX7Xlkn9lCHd665bMCs,0.587
0.00353,https://api.spotify.com/v1/audio-analysis/27NS7gB74Z2WrnA6f2Pqw1,GameChops,68,0.487,247504,0.878,27NS7gB74Z2WrnA6f2Pqw1,0.824,8,0.224,-5.641,1,0.0371,160.009,3,https://api.spotify.com/v1/tracks/27NS7gB74Z2WrnA6f2Pqw1,"Crisis City (From ""Sonic the Hedgehog 2006"") [Remix]",24,audio_features,spotify:track:27NS7gB74Z2WrnA6f2Pqw1,0.436
0.817,https://api.spotify.com/v1/audio-analysis/1BWrzdiEjDsYBWxdUunvP6,David Antony Clark,21,0.413,339541,0.285,1BWrzdiEjDsYBWxdUunvP6,0.586,0,0.142,-14.067,0,0.0275,176.143,4,https://api.spotify.com/v1/tracks/1BWrzdiEjDsYBWxdUunvP6,Flight of the Giant Eagle (Rock Art remix),0,audio_features,spotify:track:1BWrzdiEjDsYBWxdUunvP6,0.394
7.45E-06,https://api.spotify.com/v1/audio-analysis/55AYx3g34XosFOEVIv2iI1,Patoi,0,0.726,90013,0.674,55AYx3g34XosFOEVIv2iI1,0.878,7,0.027,-14.333,1,0.0672,119.989,4,https://api.spotify.com/v1/tracks/55AYx3g34XosFOEVIv2iI1,Runfst Lola,0,audio_features,spotify:track:55AYx3g34XosFOEVIv2iI1,0.597
0.0768,https://api.spotify.com/v1/audio-analysis/0fdnRazMjBPOc7R4KGyS1u,Lake of Witches,0,0.459,248059,0.928,0fdnRazMjBPOc7R4KGyS1u,0.881,2,0.245,-7.186,1,0.0576,119.967,4,https://api.spotify.com/v1/tracks/0fdnRazMjBPOc7R4KGyS1u,Entangled in Roots,0,audio_features,spotify:track:0fdnRazMjBPOc7R4KGyS1u,0.637
0.94,https://api.spotify.com/v1/audio-analysis/3eXI7kE0Odabv9bKqyWjPb,Aadamh,0,0.757,151997,0.192,3eXI7kE0Odabv9bKqyWjPb,0.00755,7,0.0611,-14.52,1,0.0361,113.938,4,https://api.spotify.com/v1/tracks/3eXI7kE0Odabv9bKqyWjPb,Little White Keyring,0,audio_features,spotify:track:3eXI7kE0Odabv9bKqyWjPb,0.253
0.00252,https://api.spotify.com/v1/audio-analysis/2zH45EL665vY1rWcPeS07p,Psychostick,48,0.682,199573,0.858,2zH45EL665vY1rWcPeS07p,3.44E-05,1,0.203,-5.335,1,0.191,131.593,4,https://api.spotify.com/v1/tracks/2zH45EL665vY1rWcPeS07p,Socks & Sandals (Pajama Pants),27,audio_features,spotify:track:2zH45EL665vY1rWcPeS07p,0.837
0.0168,https://api.spotify.com/v1/audio-analysis/08Xo5XKv4eCffncOuBi51c,Dr. Feelgood Potts,3,0.924,248867,0.804,08Xo5XKv4eCffncOuBi51c,0.00359,5,0.17,-6.082,0,0.0483,110.039,4,https://api.spotify.com/v1/tracks/08Xo5XKv4eCffncOuBi51c,Let's Get a Quickie,4,audio_features,spotify:track:08Xo5XKv4eCffncOuBi51c,0.912
0.224,https://api.spotify.com/v1/audio-analysis/4gh444So9a47hRjrF28LP7,Luca Bonaffini,0,0.723,215907,0.801,4gh444So9a47hRjrF28LP7,0,2,0.354,-7.035,1,0.0258,126.97,4,https://api.spotify.com/v1/tracks/4gh444So9a47hRjrF28LP7,Fame nuova,0,audio_features,spotify:track:4gh444So9a47hRjrF28LP7,0.643
0.00451,https://api.spotify.com/v1/audio-analysis/0IJuGc14Ptmx9ZZdLRVVZU,Felix,25,0.791,72020,0.799,0IJuGc14Ptmx9ZZdLRVVZU,0.866,0,0.106,-18.214,0,0.388,129.964,4,https://api.spotify.com/v1/tracks/0IJuGc14Ptmx9ZZdLRVVZU,zero to hero,31,audio_features,spotify:track:0IJuGc14Ptmx9ZZdLRVVZU,0.977
0.519,https://api.spotify.com/v1/audio-analysis/260FKIaAwovHuUTJ7IvKUK,John Williams,75,0.165,251547,0.157,260FKIaAwovHuUTJ7IvKUK,0.894,1,0.106,-16.721,0,0.0369,66.033,4,https://api.spotify.com/v1/tracks/260FKIaAwovHuUTJ7IvKUK,In the Jungle,33,audio_features,spotify:track:260FKIaAwovHuUTJ7IvKUK,0.0333
0.977,https://api.spotify.com/v1/audio-analysis/7yAiqu3d6fSTvmAZBCdGjS,Native American Music World,21,0.397,225974,0.255,7yAiqu3d6fSTvmAZBCdGjS,0.979,10,0.106,-24.055,1,0.0482,112.56,3,https://api.spotify.com/v1/tracks/7yAiqu3d6fSTvmAZBCdGjS,Apache Mountain Spirit Ceremony - Гармония,17,audio_features,spotify:track:7yAiqu3d6fSTvmAZBCdGjS,0.303
0.968,https://api.spotify.com/v1/audio-analysis/0Zhk8Bsaq7umH5Si4r1xdX,Jim Ringer,9,0.567,215280,0.0665,0Zhk8Bsaq7umH5Si4r1xdX,0,0,0.108,-20.072,1,0.0475,175.604,3,https://api.spotify.com/v1/tracks/0Zhk8Bsaq7umH5Si4r1xdX,Dreary Black Hills,1,audio_features,spotify:track:0Zhk8Bsaq7umH5Si4r1xdX,0.48
0.00145,https://api.spotify.com/v1/audio-analysis/1qZ1T3yt6JeiVAcBRiuv3I,Balance And Composure,48,0.4,254347,0.951,1qZ1T3yt6JeiVAcBRiuv3I,0.00956,11,0.177,-4.71,0,0.137,129.929,4,https://api.spotify.com/v1/tracks/1qZ1T3yt6JeiVAcBRiuv3I,Back of Your Head,36,audio_features,spotify:track:1qZ1T3yt6JeiVAcBRiuv3I,0.068
0.87,https://api.spotify.com/v1/audio-analysis/7ga9tZhdB8jpUXdhL2iRM1,Antonio Aguilar,72,0.444,186816,0.281,7ga9tZhdB8jpUXdhL2iRM1,0,5,0.19,-6.237,1,0.0285,77.217,3,https://api.spotify.com/v1/tracks/7ga9tZhdB8jpUXdhL2iRM1,Otra Vez,28,audio_features,spotify:track:7ga9tZhdB8jpUXdhL2iRM1,0.336
0.000722,https://api.spotify.com/v1/audio-analysis/3BWEa8rtenICK4a6X4OG3l,Sweet Trip,56,0.576,379083,0.704,3BWEa8rtenICK4a6X4OG3l,0.797,2,0.0694,-9.271,1,0.0272,134.96,4,https://api.spotify.com/v1/tracks/3BWEa8rtenICK4a6X4OG3l,Darkness - 2021 Remaster,37,audio_features,spotify:track:3BWEa8rtenICK4a6X4OG3l,0.734
0.538,https://api.spotify.com/v1/audio-analysis/4mPI26DAPLFViojI1GKLnm,Molly Burch,49,0.667,179706,0.385,4mPI26DAPLFViojI1GKLnm,0,9,0.103,-9.7,1,0.03,71.948,4,https://api.spotify.com/v1/tracks/4mPI26DAPLFViojI1GKLnm,Snowqueen of Texas,14,audio_features,spotify:track:4mPI26DAPLFViojI1GKLnm,0.623
0.411,https://api.spotify.com/v1/audio-analysis/4KC2usPWvfE9wsEnfdGy2X,Chillhop Music,39,0.651,153902,0.376,4KC2usPWvfE9wsEnfdGy2X,0.933,2,0.239,-11.048,0,0.0846,84.942,4,https://api.spotify.com/v1/tracks/4KC2usPWvfE9wsEnfdGy2X,Sacred LoFi,0,audio_features,spotify:track:4KC2usPWvfE9wsEnfdGy2X,0.334
0.543,https://api.spotify.com/v1/audio-analysis/1p89oMi4AMs3LuWZ7w5vDo,Hilma Nikolaisen,14,0.621,154162,0.605,1p89oMi4AMs3LuWZ7w5vDo,2.86E-06,4,0.176,-9.065,1,0.0279,134.974,4,https://api.spotify.com/v1/tracks/1p89oMi4AMs3LuWZ7w5vDo,Hum Hum,15,audio_features,spotify:track:1p89oMi4AMs3LuWZ7w5vDo,0.731
0.000835,https://api.spotify.com/v1/audio-analysis/3gFcGnU4kTdMYLXDjH1TK8,STAYC,74,0.722,213427,0.676,3gFcGnU4kTdMYLXDjH1TK8,1.20E-05,11,0.321,-5.885,0,0.0829,129.943,4,https://api.spotify.com/v1/tracks/3gFcGnU4kTdMYLXDjH1TK8,RUN2U,84,audio_features,spotify:track:3gFcGnU4kTdMYLXDjH1TK8,0.362
0.765,https://api.spotify.com/v1/audio-analysis/6boCqEiH4giAgmt2SYVNbv,Katica Illényi,29,0.281,313893,0.552,6boCqEiH4giAgmt2SYVNbv,1.11E-05,3,0.695,-8.438,1,0.0501,145.505,4,https://api.spotify.com/v1/tracks/6boCqEiH4giAgmt2SYVNbv,How Do You Keep The Music Playing - Live,0,audio_features,spotify:track:6boCqEiH4giAgmt2SYVNbv,0.313
0.964,https://api.spotify.com/v1/audio-analysis/3dqHiEY4imK4a1EDLRVUtj,Jamie Duffy,56,0.309,192594,0.335,3dqHiEY4imK4a1EDLRVUtj,0.889,4,0.0932,-16.708,0,0.0365,84.623,4,https://api.spotify.com/v1/tracks/3dqHiEY4imK4a1EDLRVUtj,Solas,74,audio_features,spotify:track:3dqHiEY4imK4a1EDLRVUtj,0.356
0.0371,https://api.spotify.com/v1/audio-analysis/3GPj89wUyewk6maS9Nq9Je,Filipe Ret,79,0.404,214413,0.514,3GPj89wUyewk6maS9Nq9Je,2.74E-05,11,0.08,-12.679,0,0.296,89.243,4,https://api.spotify.com/v1/tracks/3GPj89wUyewk6maS9Nq9Je,Hoje,47,audio_features,spotify:track:3GPj89wUyewk6maS9Nq9Je,0.102
8.61E-05,https://api.spotify.com/v1/audio-analysis/4UytDhyLeqzCkdQ2ddzHJR,Emerald Woods,2,0.313,430000,0.945,4UytDhyLeqzCkdQ2ddzHJR,0.799,6,0.245,-4.517,0,0.0818,140.057,4,https://api.spotify.com/v1/tracks/4UytDhyLeqzCkdQ2ddzHJR,Acceptance,0,audio_features,spotify:track:4UytDhyLeqzCkdQ2ddzHJR,0.0873
0.992,https://api.spotify.com/v1/audio-analysis/0XK2vDOLM4bqzKa7cZwQmt,Franz Marszalek Anders,0,0.614,35240,0.192,0XK2vDOLM4bqzKa7cZwQmt,0.00274,2,0.715,-16.246,1,0.0327,99.732,4,https://api.spotify.com/v1/tracks/0XK2vDOLM4bqzKa7cZwQmt,Der Zigeunerbaron (So voll Fröhlichkeit),2,audio_features,spotify:track:0XK2vDOLM4bqzKa7cZwQmt,0.688
0.00157,https://api.spotify.com/v1/audio-analysis/6NqJ1XHASEc5KCS5cGFAH9,Gélido,0,0.783,370609,0.932,6NqJ1XHASEc5KCS5cGFAH9,0.808,1,0.193,-7.602,1,0.121,138.018,4,https://api.spotify.com/v1/tracks/6NqJ1XHASEc5KCS5cGFAH9,Friday Wobbles - Dj Purple Rabbit Vs Lupr remix,0,audio_features,spotify:track:6NqJ1XHASEc5KCS5cGFAH9,0.548
0.196,https://api.spotify.com/v1/audio-analysis/2YtonCLfyp04opvJtH7ZOM,Florent Pagny,58,0.6,320040,0.48,2YtonCLfyp04opvJtH7ZOM,0.000441,9,0.0604,-7.427,0,0.0278,135.703,4,https://api.spotify.com/v1/tracks/2YtonCLfyp04opvJtH7ZOM,Et un jour une femme,3,audio_features,spotify:track:2YtonCLfyp04opvJtH7ZOM,0.138
0.829,https://api.spotify.com/v1/audio-analysis/2Ap6OmdYIvi3R5gWtuMAr5,Bailey Cummings,0,0.583,160227,0.202,2Ap6OmdYIvi3R5gWtuMAr5,0,6,0.0676,-11.731,1,0.0961,74.739,3,https://api.spotify.com/v1/tracks/2Ap6OmdYIvi3R5gWtuMAr5,Sometimes I Miss New Rochelle,0,audio_features,spotify:track:2Ap6OmdYIvi3R5gWtuMAr5,0.498
0.247,https://api.spotify.com/v1/audio-analysis/1TPUbLdzpfgF7wrPEXIAAB,RedOne,53,0.69,207720,0.702,1TPUbLdzpfgF7wrPEXIAAB,0,11,0.262,-6.103,1,0.0901,92.996,4,https://api.spotify.com/v1/tracks/1TPUbLdzpfgF7wrPEXIAAB,"Don't You Need Somebody (feat. Enrique Iglesias, R. City, Serayah & Shaggy)",61,audio_features,spotify:track:1TPUbLdzpfgF7wrPEXIAAB,0.611
0.505,https://api.spotify.com/v1/audio-analysis/0iLntohwa5bGhPrjCfsXDm,Kevoe West,39,0.735,130909,0.608,0iLntohwa5bGhPrjCfsXDm,0.861,5,0.129,-9.801,0,0.0654,175.995,4,https://api.spotify.com/v1/tracks/0iLntohwa5bGhPrjCfsXDm,221,41,audio_features,spotify:track:0iLntohwa5bGhPrjCfsXDm,0.824
0.35,https://api.spotify.com/v1/audio-analysis/2DcMrjOoILumdMrrMDldS1,Dark0,31,0.674,127173,0.621,2DcMrjOoILumdMrrMDldS1,0.0903,10,0.0982,-8.073,1,0.0502,144.976,4,https://api.spotify.com/v1/tracks/2DcMrjOoILumdMrrMDldS1,Wait For Me,36,audio_features,spotify:track:2DcMrjOoILumdMrrMDldS1,0.152
0.00907,https://api.spotify.com/v1/audio-analysis/44soagx5F9Emx2bmarVr2T,Travis Barker,79,0.58,238358,0.896,44soagx5F9Emx2bmarVr2T,4.49E-05,11,0.142,-5.584,0,0.238,89.281,4,https://api.spotify.com/v1/tracks/44soagx5F9Emx2bmarVr2T,Out of Control,43,audio_features,spotify:track:44soagx5F9Emx2bmarVr2T,0.421
0.169,https://api.spotify.com/v1/audio-analysis/4NTSDu34al733aIuUWVJHo,Heatwave,54,0.629,303640,0.615,4NTSDu34al733aIuUWVJHo,7.23E-05,11,0.132,-10.972,0,0.0433,118.805,4,https://api.spotify.com/v1/tracks/4NTSDu34al733aIuUWVJHo,Boogie Nights,63,audio_features,spotify:track:4NTSDu34al733aIuUWVJHo,0.673
0.233,https://api.spotify.com/v1/audio-analysis/1Oenqmtbzt331Pgv0ODfS2,Lil Jon,77,0.876,250747,0.984,1Oenqmtbzt331Pgv0ODfS2,0,10,0.0505,-2.018,0,0.274,99.976,4,https://api.spotify.com/v1/tracks/1Oenqmtbzt331Pgv0ODfS2,Outta Your Mind,64,audio_features,spotify:track:1Oenqmtbzt331Pgv0ODfS2,0.642
0.00908,https://api.spotify.com/v1/audio-analysis/6a4r9yQ3mY9qyAIQR87TLi,Revolutionary Rhythm,32,0.757,200072,0.783,6a4r9yQ3mY9qyAIQR87TLi,0.00696,2,0.202,-6.996,1,0.0664,94.995,4,https://api.spotify.com/v1/tracks/6a4r9yQ3mY9qyAIQR87TLi,Break It Down,37,audio_features,spotify:track:6a4r9yQ3mY9qyAIQR87TLi,0.662
0.0695,https://api.spotify.com/v1/audio-analysis/4Xjic02UhIFjExKH3l4ILn,Bergman Rock,5,0.534,171947,0.872,4Xjic02UhIFjExKH3l4ILn,0.000837,11,0.153,-6.904,0,0.0911,104.377,4,https://api.spotify.com/v1/tracks/4Xjic02UhIFjExKH3l4ILn,Bonjour Baberiba Pt II,3,audio_features,spotify:track:4Xjic02UhIFjExKH3l4ILn,0.781
0.695,https://api.spotify.com/v1/audio-analysis/1acr2n3SfH1584mUoSDVZN,Saindhavi,62,0.404,256098,0.491,1acr2n3SfH1584mUoSDVZN,0.000474,9,0.165,-10.656,1,0.159,80.917,4,https://api.spotify.com/v1/tracks/1acr2n3SfH1584mUoSDVZN,Enna Thavam Seithanai,9,audio_features,spotify:track:1acr2n3SfH1584mUoSDVZN,0.418
0.13,https://api.spotify.com/v1/audio-analysis/3i2o9tfQ09XJDbrQRN8QhK,Queens of the Stone Age,72,0.375,278120,0.517,3i2o9tfQ09XJDbrQRN8QhK,0.104,2,0.122,-7.725,1,0.0408,143.746,3,https://api.spotify.com/v1/tracks/3i2o9tfQ09XJDbrQRN8QhK,Kalopsia,50,audio_features,spotify:track:3i2o9tfQ09XJDbrQRN8QhK,0.201
0.576,https://api.spotify.com/v1/audio-analysis/3i4rCNI074jLJ0nmf1vcPm,The Freedom Sounds,11,0.595,281379,0.544,3i4rCNI074jLJ0nmf1vcPm,0.131,6,0.232,-14.907,0,0.0313,105.32,4,https://api.spotify.com/v1/tracks/3i4rCNI074jLJ0nmf1vcPm,Behold the Day,24,audio_features,spotify:track:3i4rCNI074jLJ0nmf1vcPm,0.816
0.0292,https://api.spotify.com/v1/audio-analysis/77Gfhrr1Uh9Pv57MUUmVuY,Joshua Bassett,70,0.611,192413,0.816,77Gfhrr1Uh9Pv57MUUmVuY,0,2,0.0825,-5.559,1,0.0592,144.992,4,https://api.spotify.com/v1/tracks/77Gfhrr1Uh9Pv57MUUmVuY,Secret,72,audio_features,spotify:track:77Gfhrr1Uh9Pv57MUUmVuY,0.589
0.485,https://api.spotify.com/v1/audio-analysis/0fIe6bg6ZKyxA0KHdk8WAL,Deuso,0,0.582,130059,0.584,0fIe6bg6ZKyxA0KHdk8WAL,0.000841,7,0.207,-9.762,0,0.826,179.04,4,https://api.spotify.com/v1/tracks/0fIe6bg6ZKyxA0KHdk8WAL,30 For 30,0,audio_features,spotify:track:0fIe6bg6ZKyxA0KHdk8WAL,0.567
0.138,https://api.spotify.com/v1/audio-analysis/1vGbyjT8hvb3GgXcBRjCYs,Booker T. & the M.G.'s,60,0.731,153427,0.189,1vGbyjT8hvb3GgXcBRjCYs,0.58,7,0.101,-21.131,1,0.0546,119.534,4,https://api.spotify.com/v1/tracks/1vGbyjT8hvb3GgXcBRjCYs,Silver Bells,20,audio_features,spotify:track:1vGbyjT8hvb3GgXcBRjCYs,0.816
0.894,https://api.spotify.com/v1/audio-analysis/6qAcYQhmH5hNPwBgiIS9jP,Windmill,11,0.54,217760,0.247,6qAcYQhmH5hNPwBgiIS9jP,0.00011,9,0.106,-11.282,1,0.0338,170.078,4,https://api.spotify.com/v1/tracks/6qAcYQhmH5hNPwBgiIS9jP,Newsflash,1,audio_features,spotify:track:6qAcYQhmH5hNPwBgiIS9jP,0.147
0.113,https://api.spotify.com/v1/audio-analysis/3Fpopx6S7x0pOaFUmjWJRj,Dirty Elegance,12,0.646,238080,0.809,3Fpopx6S7x0pOaFUmjWJRj,0.584,0,0.129,-7.472,1,0.0285,95.005,4,https://api.spotify.com/v1/tracks/3Fpopx6S7x0pOaFUmjWJRj,Tailor Made,2,audio_features,spotify:track:3Fpopx6S7x0pOaFUmjWJRj,0.277
0.375,https://api.spotify.com/v1/audio-analysis/0izWvb5IN31gDqiufLzKf3,Shy Glizzy,68,0.64,175814,0.451,0izWvb5IN31gDqiufLzKf3,0,7,0.263,-10.527,1,0.152,136.133,4,https://api.spotify.com/v1/tracks/0izWvb5IN31gDqiufLzKf3,White Lie (feat. RMR),30,audio_features,spotify:track:0izWvb5IN31gDqiufLzKf3,0.209
0.0651,https://api.spotify.com/v1/audio-analysis/4wNVYLmFhhBIhBeA2VgmJ4,Jon Pardi,74,0.537,195694,0.79,4wNVYLmFhhBIhBeA2VgmJ4,9.35E-05,11,0.109,-3.587,1,0.0314,201.946,4,https://api.spotify.com/v1/tracks/4wNVYLmFhhBIhBeA2VgmJ4,Buy That Man A Beer,50,audio_features,spotify:track:4wNVYLmFhhBIhBeA2VgmJ4,0.964
0.923,https://api.spotify.com/v1/audio-analysis/58MfY2ldjq25ei7fRRWLae,Alan Menken,64,0.128,255253,0.124,58MfY2ldjq25ei7fRRWLae,0.706,5,0.311,-17.275,1,0.04,83.263,3,https://api.spotify.com/v1/tracks/58MfY2ldjq25ei7fRRWLae,Happy End in Agrabah,32,audio_features,spotify:track:58MfY2ldjq25ei7fRRWLae,0.104
0.00032,https://api.spotify.com/v1/audio-analysis/7lOGvp9WlpD1K04dM8svcK,Monstrosity,31,0.248,285507,0.979,7lOGvp9WlpD1K04dM8svcK,0.765,2,0.293,-9.544,1,0.105,102.372,4,https://api.spotify.com/v1/tracks/7lOGvp9WlpD1K04dM8svcK,Angel of Death,33,audio_features,spotify:track:7lOGvp9WlpD1K04dM8svcK,0.198
0.00666,https://api.spotify.com/v1/audio-analysis/0BRHnOFm6sjxN1i9LJrUDu,Good Charlotte,70,0.494,175093,0.939,0BRHnOFm6sjxN1i9LJrUDu,0,1,0.139,-3.127,1,0.126,177.751,4,https://api.spotify.com/v1/tracks/0BRHnOFm6sjxN1i9LJrUDu,The Anthem,78,audio_features,spotify:track:0BRHnOFm6sjxN1i9LJrUDu,0.893
0.167,https://api.spotify.com/v1/audio-analysis/1ObqIFmNsmION2gjrvYycO,Lea Michele,55,0.734,145907,0.575,1ObqIFmNsmION2gjrvYycO,0,2,0.0811,-6.638,1,0.035,118.086,4,https://api.spotify.com/v1/tracks/1ObqIFmNsmION2gjrvYycO,My Junk - Original Broadway Cast Recording/2006,44,audio_features,spotify:track:1ObqIFmNsmION2gjrvYycO,0.67